"RelativePath","SizeBytes","SHA256"
"aggregate\S125C_pilot_aggregate_summary.wl","38653","3d805c2877fa515353281145635c7802ce284f85376068282cb0c574042ebb98"
"aggregate\S125C_pilot_per_world_summary.csv","15049","1a7d889aa1e4df3ae6bfba204543ba3f9f32f422c36e2ad5f6775111fb8df2e6"
"aggregate\S125C_pilot_preregistered_manifest.json","2371","f60f165d760f10eaf53e438c3aff63b5aaff82b6ea6eb71702250c15b0faad3f"
"aggregate\S125C_pilot_preregistered_manifest.wl","2460","7757307cfb42210f8f7659cb6d71def3df61b5e4ffd11f54afdb8e8416f32c87"
"README.md","3291","fe48e248a8a01489af921775cffd989bbdcd4fe493ce76a6d19b86a508799ae6"
"report\TCCT_S125C_Pilot5_MultiRestart_Report.pdf","188115","d34f1f03c1875ce8943229d0965fd99025d935bb808c47b380b54404848fff9b"
"source\S125C_generated_multirestart_comparison_seed_1258501.wl","70496","29fe516ed2d2e7a694d87d1c3447e5ed7af65fd2b3338ed275ef12753d239d0a"
"source\S125C_generated_multirestart_comparison_seed_1258502.wl","70496","c3b1c80c1b115d4155fa2a700be7875fbc45ade4e628b4620230d266097f53b1"
"source\S125C_generated_multirestart_comparison_seed_1258503.wl","70496","0c5fba4878575fac484f7a853f53081e4c43c13db7fec9426f433cefc80e323c"
"source\S125C_generated_multirestart_comparison_seed_1258504.wl","70496","b155055961bcac1feaed2f4489e16e22eae51ac53750aff57a4cde3bda565e53"
"source\S125C_generated_multirestart_comparison_seed_1258505.wl","70496","bb830cec1e5a08d150bd0ac094c3f6c2a675183b6d4f336d08a2332db0667c75"
"source\TCCT_S124_T5R1_StrictFreshWorldGeneralizationAttribution.ipynb","97280","b1fa02300ad5eeea0dc604febb9dce5ded6d93826fa9c5c49d19add5f4c6ef13"
"source\TCCT_S125C_Pilot5_MultiRestartMatchedComparison.wl","50731","91712c06e1c1aa14127f8e9b3a2ee8e8c228e92131927ae97960c910e47b3888"
"speed_benchmark\S125D_FrozenInferenceSpeed_Result.md","3277","099c6dc7585e4a7c23c3daec90e5b82aa5cbcd2e0e3a1eea131a29d47e987e5f"
"speed_benchmark\S125D_speed_benchmark_full_per_world.csv","970","ce2028e4907885e8c3c6650c2f746ba4449a8c96e4f2d686d6d94c9c85ee3bb0"
"speed_benchmark\S125D_speed_benchmark_full_raw.json","35134","1ed153a29bdc591e329446a007ca393ac4d1734dd624ff948a131d3562304efd"
"speed_benchmark\S125D_speed_benchmark_full_summary.json","4311","d827c36a56b43043fa07c0f86ba2da50213bc6f734cc8e87feeabdf2c8bf27be"
"speed_benchmark\TCCT_S125D_FrozenInferenceSpeedBenchmark.py","39668","5d394aaebb32eeed5eae631ce25fcb3048e2b903d6c7bfd9449ed7cb2878d46f"
"tools\build_s125c_report.py","17899","d10056c6988977bdcd315217c821e790db2206686a9687856e0018def8e0b784"
"tools\probe_s125c_jupyter.py","1450","90a6f32fd4a55fa366e3dfcf96a66636fefd1e0f9019d36f0339672ad1ab6bdd"
"tools\submit_s125c_preflight.py","1888","2111fe1bfde7ba3a6050da6d636bf298ccf06be801ad3541978bd7c8a8c41ea2"
"tools\submit_s125c_run.py","2116","09de8c04f79a586cedbdc672977b11aadf6d2527d37abe1cdd7f975bc58c773f"
"tools\test_s125c_selection.py","1985","3f9bfea5f457f8d199424f75a8119875461af1ce182b24e2cfe044a4f0a2f434"
"worlds\world_01_seed_1258501\S124_T5R1_NEURAL_REASONER_FROZEN_BEFORE_HIGHORDER.wlnet","364096","973c2f424aaf6adcd343621855bddc88b29704e2cc7c91a7b0a9659f70fcd419"
"worlds\world_01_seed_1258501\S124_T5R1_PERCEPTION_FROZEN_BEFORE_WORLD.wlnet","360768","f6a8b7bf36d541506006841d733a34bd573509e3b54f3091628d4ba62bcb42b7"
"worlds\world_01_seed_1258501\S124_T5R1_strict_summary.wl","2120","41efc016d2897acf5fe1035134512136d56dfbb103f8bf8338b48308a4f785ff"
"worlds\world_01_seed_1258501\S124_T5R1_TCCT_FROZEN_BEFORE_HIGHORDER.wl","3398","1070492bd96a659ff2efb25def71caf68f0b5d130177be35e1ad8cbe798a3d11"
"worlds\world_01_seed_1258501\S125C_generated_multirestart_comparison_seed_1258501.wl","70496","29fe516ed2d2e7a694d87d1c3447e5ed7af65fd2b3338ed275ef12753d239d0a"
"worlds\world_01_seed_1258501\S125C_pilot_summary.wl","5299","790675538f7e2b663a66226ce90ece4b2a95a7db4927a5fcfd8a68bd7e9db445"
"worlds\world_01_seed_1258501\S125C_result.wl","7324","f209a72a057f581ab1e9ac44e528b6d811cb1376560c79b600b2eacf84a8756f"
"worlds\world_01_seed_1258501\S125C_stderr.log","30","e43a7dbf2529959e95aa904b9e2e410022d1ed33e416fd65fb173e93113a422f"
"worlds\world_01_seed_1258501\S125C_stdout.log","0","e3b0c44298fc1c149afbf4c8996fb92427ae41e4649b934ca495991b7852b855"
"worlds\world_01_seed_1258501\S125C_STRONG_NEURAL_REASONER_FROZEN_BEFORE_HIGHORDER.wlnet","1383112","84a8c83877cb9b0ec901cebacbdc642aced05ef6853e211376940b02d88f32f2"
"worlds\world_02_seed_1258502\S124_T5R1_NEURAL_REASONER_FROZEN_BEFORE_HIGHORDER.wlnet","364096","173746834e9b24da61eea95354e3b4d8571126b3848dd06f5e08b3e3f8276a6a"
"worlds\world_02_seed_1258502\S124_T5R1_PERCEPTION_FROZEN_BEFORE_WORLD.wlnet","360768","c74b5d519a4d21a6fca8e4aec74f41a5b02b944539a952ac6c9c66e6676620e9"
"worlds\world_02_seed_1258502\S124_T5R1_strict_summary.wl","2121","f18cf339c92d90315d34d9ec54b82d9c2cb47f98ed16c65d89a93e6b58a2ab4f"
"worlds\world_02_seed_1258502\S124_T5R1_TCCT_FROZEN_BEFORE_HIGHORDER.wl","3378","141295aa459ee400d8a10c015866d825efd0139bcffbeda40c6098ccc0533a32"
"worlds\world_02_seed_1258502\S125C_generated_multirestart_comparison_seed_1258502.wl","70496","c3b1c80c1b115d4155fa2a700be7875fbc45ade4e628b4620230d266097f53b1"
"worlds\world_02_seed_1258502\S125C_pilot_summary.wl","5300","30836eef5dbe403758c2ab73e5746ff3681dcc7138919f144a180cccc72525a6"
"worlds\world_02_seed_1258502\S125C_result.wl","7325","b8cd45de35adb6901f2c26eeecc1112da3265c55b61707d7052c0488c1946ed5"
"worlds\world_02_seed_1258502\S125C_stderr.log","0","e3b0c44298fc1c149afbf4c8996fb92427ae41e4649b934ca495991b7852b855"
"worlds\world_02_seed_1258502\S125C_stdout.log","0","e3b0c44298fc1c149afbf4c8996fb92427ae41e4649b934ca495991b7852b855"
"worlds\world_02_seed_1258502\S125C_STRONG_NEURAL_REASONER_FROZEN_BEFORE_HIGHORDER.wlnet","1383112","b65ac15f06fec4eb0e193c3aa143265aeb19077564e7a272bd382ff33bc61afc"
"worlds\world_03_seed_1258503\S124_T5R1_NEURAL_REASONER_FROZEN_BEFORE_HIGHORDER.wlnet","364096","98494ccfc777c664dee49cceabbe3db8c2309b9b10a107567500c9de217f1380"
"worlds\world_03_seed_1258503\S124_T5R1_PERCEPTION_FROZEN_BEFORE_WORLD.wlnet","360768","2b994783f0a72a52ff7952e30da3e999ba095f667ad752413e0fc8abd7d433ee"
"worlds\world_03_seed_1258503\S124_T5R1_strict_summary.wl","2122","7060331b95080e6ccb50203ad3d4fb215e357e98abeadb8fbf55eb2b28cdd660"
"worlds\world_03_seed_1258503\S124_T5R1_TCCT_FROZEN_BEFORE_HIGHORDER.wl","3379","f8a47db0a45b01774bf00fe2f26d1d85082d9052cf8a037f1cda331f44989ef9"
"worlds\world_03_seed_1258503\S125C_generated_multirestart_comparison_seed_1258503.wl","70496","0c5fba4878575fac484f7a853f53081e4c43c13db7fec9426f433cefc80e323c"
"worlds\world_03_seed_1258503\S125C_pilot_summary.wl","5303","f487c0242d2172d643d2f03fefd38f1389069ec8b893db7416687802e01baeff"
"worlds\world_03_seed_1258503\S125C_result.wl","7328","9ba227b5ed554fd1c9bc7bac167959e47da2247bc07d139f857154de9262d0fc"
"worlds\world_03_seed_1258503\S125C_stderr.log","0","e3b0c44298fc1c149afbf4c8996fb92427ae41e4649b934ca495991b7852b855"
"worlds\world_03_seed_1258503\S125C_stdout.log","0","e3b0c44298fc1c149afbf4c8996fb92427ae41e4649b934ca495991b7852b855"
"worlds\world_03_seed_1258503\S125C_STRONG_NEURAL_REASONER_FROZEN_BEFORE_HIGHORDER.wlnet","1383112","29dc1f6ca110c044f3541a81b8c077e4dd9d29772dd13a541863cc4e33dd560d"
"worlds\world_04_seed_1258504\S124_T5R1_NEURAL_REASONER_FROZEN_BEFORE_HIGHORDER.wlnet","364096","3b91a9d5021b7cfd861ca49de748fcf360b21b1bbd60d31f9c8ada11f40511f0"
"worlds\world_04_seed_1258504\S124_T5R1_PERCEPTION_FROZEN_BEFORE_WORLD.wlnet","360768","b3a396cc4f4890144e8dda54c8f56d285494d3067a6cf53a3d7bbd79e2f1e9d4"
"worlds\world_04_seed_1258504\S124_T5R1_strict_summary.wl","2119","0c3d4032ca976fad2908b5b9b189f1bb46dfcbd600c28201da20cd1236442b0c"
"worlds\world_04_seed_1258504\S124_T5R1_TCCT_FROZEN_BEFORE_HIGHORDER.wl","3375","a4809e172905cdfc4c81f323d058731052c709c8bdbf64a834538087cd55ddda"
"worlds\world_04_seed_1258504\S125C_generated_multirestart_comparison_seed_1258504.wl","70496","b155055961bcac1feaed2f4489e16e22eae51ac53750aff57a4cde3bda565e53"
"worlds\world_04_seed_1258504\S125C_pilot_summary.wl","5297","db6512584a725c7e61f27e915f32600bcf8fe469637866297b6e98f55caf5fa2"
"worlds\world_04_seed_1258504\S125C_result.wl","7321","ee23544907283efe543ae38ff01d07c2d4e699293d724071f32f763a10d161d1"
"worlds\world_04_seed_1258504\S125C_stderr.log","0","e3b0c44298fc1c149afbf4c8996fb92427ae41e4649b934ca495991b7852b855"
"worlds\world_04_seed_1258504\S125C_stdout.log","0","e3b0c44298fc1c149afbf4c8996fb92427ae41e4649b934ca495991b7852b855"
"worlds\world_04_seed_1258504\S125C_STRONG_NEURAL_REASONER_FROZEN_BEFORE_HIGHORDER.wlnet","1383112","cdc732d3709dbe15a1da6e68b2c2c367b590b992f9e815463fa31f4b6467087e"
"worlds\world_05_seed_1258505\S124_T5R1_NEURAL_REASONER_FROZEN_BEFORE_HIGHORDER.wlnet","364096","5982ea7aba341e7cb003ea4c43c1c7a35046d3ea17ebf073427fc3f9b64a304f"
"worlds\world_05_seed_1258505\S124_T5R1_PERCEPTION_FROZEN_BEFORE_WORLD.wlnet","360768","9d029e7f4164660267bb192c4b06987b633cf360a180b6dc5252e30aa4ac5a10"
"worlds\world_05_seed_1258505\S124_T5R1_strict_summary.wl","2122","2ed830be865ab3c9b39f0f1b85f6d35c41c21e56a93d21e8efe03a008f1fda43"
"worlds\world_05_seed_1258505\S124_T5R1_TCCT_FROZEN_BEFORE_HIGHORDER.wl","3378","b399ff33e96fd81f0c29967c149978fc7d1112f35a732c67f11ab27938e958a3"
"worlds\world_05_seed_1258505\S125C_generated_multirestart_comparison_seed_1258505.wl","70496","bb830cec1e5a08d150bd0ac094c3f6c2a675183b6d4f336d08a2332db0667c75"
"worlds\world_05_seed_1258505\S125C_pilot_summary.wl","5301","bdbeafe8f90eade8245456c62c2f21e8072122294360b903737dd65b613441ff"
"worlds\world_05_seed_1258505\S125C_result.wl","7322","4288c21762af2794264bc6fae9435256f0fedcaf87c57b2fc41b18513fa01342"
"worlds\world_05_seed_1258505\S125C_stderr.log","0","e3b0c44298fc1c149afbf4c8996fb92427ae41e4649b934ca495991b7852b855"
"worlds\world_05_seed_1258505\S125C_stdout.log","0","e3b0c44298fc1c149afbf4c8996fb92427ae41e4649b934ca495991b7852b855"
"worlds\world_05_seed_1258505\S125C_STRONG_NEURAL_REASONER_FROZEN_BEFORE_HIGHORDER.wlnet","1383112","12dde7b246b59afda32213855c7a597690726b115fb5bdfb714b0f1a87c0870d"
