"Path","Bytes","SHA256"
".gitignore","294","20e002869600522678490cc4a54ba29743769a711f4ece88e36a7b7083448d08"
"artifacts/development/TCCT_S94B_RoleAwareDevelopmentPairs.wxf","21362","998fa0de0fd8e14cf9c797287f64c824f7a435c2aa3c8b0b80b0a920075dc3e4"
"artifacts/development/TCCT_S94C_ExpandedRoleAwareDevelopmentPairs.wxf","1250635","52aae85593e68fbc0bc8bd7ec1f1552e484e093156f334f65eff96b8889b6c7a"
"artifacts/development/TCCT_S94G_FullQueryScopeDevelopmentPairs.wxf","920699","21d84fe268a1a61cb1e13c2f457144564cc79569aa7d1fbefc3a4e5fa4a221f4"
"artifacts/frozen_models/TCCT_S82C_FrozenCandidate.wl","664","fdf2fc986158fbd9d3b726b576d3e669728a6d4902e38d943cb140e9d251145c"
"artifacts/frozen_models/TCCT_S83B_FrozenCandidate.wl","1481","c968fd62630bd76ce1e58b8406eb547ccc6b09fba58cd67d99874cdf29f0c46f"
"artifacts/frozen_models/TCCT_S86E_K33FrozenCandidate.wl","2489","4a252b8977101d024b1b2feb00b4626ca28290c3982cdad199bc78ef7e0c98f1"
"artifacts/frozen_models/TCCT_S87D_FrozenDecoderRuntime.wl","5457","7d45fffdb3e33a0f0759ae9fa93c84429743cbe39fc7f02c38eeef11739740ee"
"artifacts/frozen_models/TCCT_S87D_FrozenWorldMultisetDecoder.wxf","46058","82616c6acde25ecd7bbbc51bc80d03771ec8653bf033167ac9ccd74d7da01d91"
"artifacts/frozen_models/TCCT_S87D_FrozenWorldMultisetDecoder_Metadata.wl","2520","53103b3671d9a2d2b29139bf5a4a71d2aedee3c4013b3bd530f0e58c53124242"
"artifacts/frozen_models/TCCT_S92B_FrozenPairedContrastDecoder.wxf","1431","aecbe544a4af3a8ad0ba0494bb11312dd4a4b71f1a1c7ae42489a5300c7078ff"
"artifacts/frozen_models/TCCT_S92B_PairedContrastDecoderRuntime.wl","3105","74a926b8efccaddbd1dd07373ac35a93bc53e9fb08cc456ce1adb6a006d333c6"
"artifacts/frozen_models/TCCT_S94H_FrozenFullQueryReadout.wxf","881","8cbf7184200c6a04072f9b375af3137534dc3764bff7a32bf57db4a320187e1e"
"certificates/TCCT_S87D_FreezeCertificate.json","1453","7c83717fc5bf50b1bde853401da8d0fc5931d6b1b23663d75777e1e45516fb8e"
"certificates/TCCT_S88_BlindResultCertificate.json","2335","1c56bb0a87eba871f8474a93d4206d6aebbf1d66412a0d3927e62155a81e2fa4"
"certificates/TCCT_S89_BlindResultCertificate.json","2511","7d0f543f6f17384ee8969131547b2766aad1fbaed999e5b039c2708d6d89b032"
"certificates/TCCT_S90_BlindResultCertificate.json","2551","0e8c9df9e63ea68d59226416de33243440ef4b84a007be0812b2970ed53deb30"
"certificates/TCCT_S91_BenchmarkCertificate.json","9786","cf335bda73b8a26eacbf32d8d25dcad737a84d503a6f0849dbcd3afc3f1df8cd"
"certificates/TCCT_S92_BlindResultCertificate.json","2386","22cec6972285fe127e66d740bfdbbf27fbabaa097cb24cc0bbc7196da004a40b"
"certificates/TCCT_S92A_FailureAuditCertificate.json","14895","7d21e30f1da322f2a078cc5c0fe9cf44cec5cfac0cc18f0020517a76ad897309"
"certificates/TCCT_S92B_PairedContrastDecoderCertificate.json","10598","85247775ef008a5ddf2378c54585d645dbf6b910d2b6085c1f8c29a98a9c2eb4"
"certificates/TCCT_S93_PairedCounterfactualBlindCertificate.json","2427","d0c863119cf03e93e27e0db175163cd91ca4c980197a5fd1f6688f3ddc94c072"
"certificates/TCCT_S94A_ModulusFeasibilityAudit.json","3082","ab0f6524f8cb8ee8edb915e132044734f8db8ce20758c09f26ded9de01571571"
"certificates/TCCT_S94B_RoleAwareReadoutDevelopment.json","5325","6b3c44566c80c88495f2a322a0763b7a188383445b554eefc30e7fa90b4e461f"
"certificates/TCCT_S94C_ExpandedRoleAwareReadoutDevelopment.json","10830","7281c001f977f6e8cc3c51b466bd7f48ce953a8465379e68116661ed8a7181e9"
"certificates/TCCT_S94D_RepresentationSufficiencyAudit.json","11866","2d6c529a13d5a7d8ccecf6d2ce19effcd6649d4a3cf74f62638d9f7f2f64b2ad"
"certificates/TCCT_S94E_RelationBindingFeasibilityAudit.json","4206","278c0340332e7dcb60b1bf3a07f06f0d8a8ce77bf231f3dfbce718a189fb9a6f"
"certificates/TCCT_S94F_DualChannelInformationAudit.json","9817","ce776f1959926f3e81584dd10f34ee675fc90a07a7d44b3915583cd5050e6e20"
"certificates/TCCT_S94G_FullQueryScopeDevelopment.json","9425","cbb4c1331e8055ad9806bbc870a25cefb65c457abb54d3d506edc48ba04fefed"
"certificates/TCCT_S94H_IndependentFullQueryConfirmation.json","4698","72a73fa34b0ec25cf1b9c40754dff0fc23492d849103144b03ed7f7fd6f949f0"
"certificates/TCCT_S94H_R3_IndependentFullQueryConfirmation.json","5688","ee8bedbe7570025cd495d6ccf5c899173897a6c0b2521c2d45c4144ed4f4cc5e"
"certificates/TCCT_S95_StrictBlindCertificate.json","5841","0ad4e0b742bcd06f47dfabb13b485d5962de5d4db8e286a9a1f3c4a447acab84"
"checkpoints/S94H_R3/scenario_01.wxf","3254","c7b6964807c4d9361788959f7bd5da98ed5986b29be23901acfdf182bc118bc9"
"checkpoints/S94H_R3/scenario_02.wxf","5414","98294adc907b81210b233c56861252d467343a3194ef7af227a0caa552500a16"
"checkpoints/S94H_R3/scenario_03.wxf","3257","d2cf123bdcec529c002d16cb2ca001bec4a0f7179351a0dd2cdbed4490fe3b79"
"checkpoints/S94H_R3/scenario_04.wxf","5417","a733ccd0b333ff9b0697162550360753274808782e420c7fb54600ecf8840573"
"checkpoints/S94H_R3/scenario_05.wxf","3207","60f2ad5bd8fee2e5a7dd8b2e9cf8c1c2c4b0a495a5f4914dc239c9acba978503"
"checkpoints/S94H_R3/scenario_06.wxf","5327","6d9e23f39a6b4db9de855d336ff28f053b1fd346e0705971670c5159ea8719b4"
"checkpoints/S94H_R3/scenario_07.wxf","3204","1180a14e415c2ccdd85368007b3d5f86bd17ad5fcb1a0870b0deb10a6cba3707"
"checkpoints/S94H_R3/scenario_08.wxf","5324","db179306786b2e0249cef47d0b0d6129618f3b96cd418826a688b190d95a5456"
"checkpoints/S94H_R3/scenario_09.wxf","3207","72ab4f64e1cb6f06471a2c9621ab87c39d59f7b99520118c5975cf1b35e56201"
"checkpoints/S94H_R3/scenario_10.wxf","5327","e2b54cdc5dce1fd64932986b8f361faf53471a597547ed8050237454208a19b5"
"checkpoints/S94H_R3/scenario_11.wxf","3207","d3f6272dbe605432e8c1c01b3a7d46791e85139c461728ba320ca3251537b468"
"checkpoints/S94H_R3/scenario_12.wxf","5327","7d0ab06352e358950e5993db6bfbb9a3296fa73abda3cabd379462d3dbbe4054"
"checkpoints/S94H_R3/scenario_13.wxf","3254","e2f7a3b0657e1da52fbe2b832b44b2b1bab5511f520c794dd13b502427b5ead4"
"checkpoints/S94H_R3/scenario_14.wxf","5414","a1ebd247b23f7ccdaa794e7781096d0998b1cfdec50754a43dcab3f24b4c3f0d"
"checkpoints/S94H_R3/scenario_15.wxf","3257","70b9810c05f40b447a14493c4cf10946d489eb1e73e238aafc107f67ae562555"
"checkpoints/S94H_R3/scenario_16.wxf","5417","b1060dbe0c522e9c9f538a415675afb1993a2b38ddc892671bdddb1dcb8ab008"
"checkpoints/S94H_R3/scenario_17.wxf","3207","7757fa6fad9995e42fad722ca542c792405980c284f224891f48c8387f82dc1b"
"checkpoints/S94H_R3/scenario_18.wxf","5327","49343213ee3c1ee9243d24bc03c4084aae1760063a9a1d57d365e9149296caf2"
"checkpoints/S94H_R3/scenario_19.wxf","3204","55c7a80b4edfaf9083fb853fa5e37efba820faf1a25118cf2ffafad4abd3b28b"
"checkpoints/S94H_R3/scenario_20.wxf","5327","66191f51742577283f7f3caf6d970380193e3603d88d3e9e5d91720be1d5b216"
"checkpoints/S94H_R3/scenario_21.wxf","3207","6ffb0dbd60b98e41d905784ac7819d5c815b5d521759fd8e78ca412e83c65806"
"checkpoints/S94H_R3/scenario_22.wxf","5327","4029fdfa82a0776af2ed86cac6b0097755578669330deec18fed1f63c6a70ebe"
"checkpoints/S94H_R3/scenario_23.wxf","3207","418430d6441fd1863c880bd6530ea616e4c475686215f4a1911fc4eab1a94610"
"checkpoints/S94H_R3/scenario_24.wxf","5327","95bcd9e559f3c2c0bd03deea0b3a61f4bc3ac0c9199895a9f41bc8d7caeecde5"
"checkpoints/S95/scenario_01.wxf","3713","24d97290b0643f86548edbb47ae758c731116bdf057430ad25c7ede67eb1236d"
"checkpoints/S95/scenario_02.wxf","5817","a2e56c213ae56acade8147b6575384519339f3510d83f3e751017c3de9623df0"
"checkpoints/S95/scenario_03.wxf","3785","578e791a610f4fb999c2437b349b04bc2ffb511c1149466726caaec2a0b97299"
"checkpoints/S95/scenario_04.wxf","5937","ff95cb6c14ecb31527070464aa6e1477f7a5b27303c05d2c9388307e3b1bf597"
"checkpoints/S95/scenario_05.wxf","3725","25be9103cc9cf3c0d71612c64ed5be040dcf43f57d86b8dd7ed4a44c7139733b"
"checkpoints/S95/scenario_06.wxf","5837","e2d6f552c43ee28de96916eb2fc4513a3d012f3a0629996d6a5a274e6602d4ff"
"checkpoints/S95/scenario_07.wxf","3677","83e240197b9c61eda7e13724e5b572acdaf98ae891445dd5d4392366f0b76390"
"checkpoints/S95/scenario_08.wxf","5757","02056b981bc55001cec2ac43881521ce03b5dba3513d9d5429cd88bda8c35fb6"
"checkpoints/S95/scenario_09.wxf","3749","d437dbf32d874c315bff68d2e9b31bad8615e3768441ebce2f93d3ba34b19747"
"checkpoints/S95/scenario_10.wxf","5877","15353dc82ef58089e8ead7b4af96e9d67851e24725475da57524436ac48bc0cc"
"checkpoints/S95/scenario_11.wxf","3689","d17572b5754e105feadafbbee98704c740f5b0c73f29c7021dfe33f3fb8e7cc0"
"checkpoints/S95/scenario_12.wxf","5777","741e00e5009ddf5291d574564754ab718d71756d99ec5ff2e3375894b448b3d2"
"CITATION.cff","1511","f4300dd453f762fdef7318b5089e76833b0af77417ae16002841027341a3ff2c"
"docs/Blind Topology Transfer Checkpoint.pdf","268150","5d2ebe4cb94745e3e63c7751a04396b6dda7de41139eb2a7d89c5733ef5bbf05"
"docs/CLAIMS_AND_LIMITATIONS.md","4752","3d62178fa7905e0e9f14a8691a483b3057288999f76654bb936b941ef14de95a"
"docs/EXPERIMENT_TIMELINE.md","5365","63a3c6023e48f12083b942a3700f3317bcd2812629c7eb67febd7995723cd3ee"
"docs/REPRODUCIBILITY.md","4080","bfe3d0def58a9e61cd80215093ecc7952700ac5c6e801436aa4cc526595cd683"
"experiments/append_s87b_policy_decoder_research.py","17673","bb56c60231aac58c470c0f064635de3fce7d45983a8a37d1900988709fe054f9"
"experiments/append_s87c_world_multiset_decoder.py","20566","fa8d4c12e1677ee803c955ed273a85ccd63bad5d4a7849c232e732769f5264db"
"experiments/append_s87d_freeze_decoder.py","4058","2af2c9d9c6f5549bdbf5a9b67698f5f2be967b6d59177624af9552cb41db3f40"
"experiments/build_s79a_minimal_notebook.py","2111","eb357700725146475ed808ffa4955ed85926818ab7491c9dae747905ec7d812a"
"experiments/build_s79b_canonicalization_notebook.py","14815","ecb0ba18df5f948b8c7cde2f45968a1ad3b01721866d52632ed8c5996651fa9b"
"experiments/build_s80_hierarchical_blind_notebook.py","16129","9eecf95af42cb998098c0ea7fc9ae9f563fc1f18714d232288520a22f3bc9b50"
"experiments/build_s81_counterfactual_audit_notebook.py","21909","0c596a88dadcfa7bbb85dca2ce8448ae97a6b66e96d311381e23d3e97cfc43b8"
"experiments/build_s82_blind_local_intervention_notebook.py","24982","9d0aa082cf7ded3642626069bfa9474c2bd8b2287b2180db443cc7a34721dfc3"
"experiments/build_s82a_failure_mechanism_audit.py","25844","53eb64874b5e8ae402a0e9249fa380a7aa54604ea065ca48e464d4b3caa454ee"
"experiments/build_s82b_query_role_representation.py","20783","74d920526dc948c53867b9121d6a3bfca67d1a56356be095518e20619fcce0f8"
"experiments/build_s82c_frozen_candidate_recovery.py","11617","88f19c35a471f5c7e72e45edc69f260f1316cdc65c0c55a56ec44f4f473ec925"
"experiments/build_s82c_representation_capacity_diagnosis.py","21006","8f336b8f309fb222295be96c8a5cb7eb3b50b0b1ba1813f5edfd8c915d834fbe"
"experiments/build_s83_blind_query_switch_composition.py","22594","01261c416bc9f0af9a025518b6136eb61781d04c47df3bcdf02fb0e32fcb1024"
"experiments/build_s83a_query_switch_failure_audit.py","14770","c7793fba7808ed938c1c6b9208a29c2b45b8947b30dbcc8e2e1479c7fe7554d8"
"experiments/build_s83b_freeze_k19_candidate.py","5571","b414feba542bf502a330a039c2efc975f81500000c3a7ef00071d161cbd6a02e"
"experiments/build_s83b_representation_capacity_scan.py","9449","b8ba2e4f50887bcc12cd42782fa1804f4439f844ac7c2a371c639ca73dc4a917"
"experiments/build_s84_blind_double_intervention_query_grid.py","25972","3dd7d3841348fe4d88b0f7ee016d3b8cfe35b9605a630a0d3bbf7305d7c3378b"
"experiments/build_s85_blind_inverse_intervention_query_grid.py","10252","89741a4169990e811686053ebb3a83267840d51649bd6e7eda0823332d5b80d3"
"experiments/build_s86_external_six_branch_blind.py","15065","46344265027aec86e0f8f91514d09622c41d312f346912ca6721109ee933f561"
"experiments/build_s86a_six_branch_failure_audit.py","16970","cc558eb03d1a5cf970cf79389f0c8dc14303aa133ac4b54d0200efd5989c7d27"
"experiments/build_s86b_combined_policy_freeze.py","20837","37755ff257845ca5d522002a40215ee500f3c4265fe5491951a33ec182c30011"
"experiments/build_s86c_minimal_conflict_audit.py","17356","5a2584d1f3d97babb76ded4e9e40595499d8695e25bb7529d26c074b42ed5a52"
"experiments/build_s86d_full_combined_k_scan.py","14860","6c4917fe144419ed1b742c2a365b529241878ea440a6c34a001199d496e4c4c4"
"experiments/build_s86e_freeze_k33_candidate.py","9910","aea8778310df4579ec237d62d9db05363c6557eba5ec11b9ff135934bf8a6842"
"experiments/build_s86f_revealed_s84_s85_regression.py","17219","c0bd4fbeb2ffd5c14fc51c3974683aed0c88c62c3f208002b80e3376b63ab1b0"
"experiments/build_s87_seven_branch_mixed_intervention_blind.py","22522","b36224903c8b23e707133ee72ee30dff36d123aa2200604df15c06da833aa5fc"
"experiments/build_s87a_failure_audit.py","27306","fe6459c5e458396f736280796902f0869999d997e0574678306db0643fb0e769"
"experiments/build_s88_eight_branch_decoder_blind.py","31886","3002fa2bf6cd4c2f260bb25e7cffc0c33ea2d9b3b12f25dbcb766a35a51e4e20"
"experiments/build_s89_stop_relocation_blind.py","42351","c5eb6cd37d8f596b4a2f890f00ceaac3532350b27a4837aa051b05ae5dcfcc5e"
"experiments/build_s90_intervention_algebra_blind.py","32374","29bfd1b7d2e7d6ad06bc5cb87a855dc1fd3c1703f20dc501af43eae3d1697e39"
"experiments/build_s91_baseline_ablation_benchmark.py","23892","0c7fa76a3cd7d3d931a6f0a289443d59fecf60e5d541b60c45923528f3a9cb3d"
"experiments/build_s92_cardinality_matched_blind.py","36723","9b7d9aee99f2ff11ee0519abe0401041645abccd5467e10d9df245a551f8aa90"
"experiments/build_s92a_failure_mechanism_audit.py","26311","e45bef70c133eff7e570424587ed657d941c9d6dfb16b3372aea4f15d4acd864"
"experiments/build_s92b_paired_contrast_decoder.py","33225","2b1907c2af14a77c3e9d994e5867e1caf44b01f919f1a8c39417b7b0215330a2"
"experiments/build_s93_paired_counterfactual_blind.py","38815","66db5df36aed2b969f89bf2586d44aae8a35c42c6c3b844906bf912f52774ac5"
"experiments/build_s94_mixed_context_robustness_blind.py","34428","a83e7f1cabc3bff1420fc5ec7f5dce24220722d0aac2a56b5008ea28f4dec9af"
"experiments/build_s94b_role_aware_readout_development.py","34668","a11465d15ce718125a04daf7fe582739a40ec0e9b87b5045f6750def5c24faaf"
"experiments/build_s94c_expanded_role_aware_development.py","38139","ed9061350cac338a337b8e4a1b53cfcad9f63bd8f5781faf4d5f1f6c0f63a4fc"
"experiments/build_s94d_representation_sufficiency_audit.py","24664","cd327cbdcada0d34caebe44c86ac266d45cf1c88a9defba442a14e65a8d758ab"
"experiments/build_s94e_relation_binding_feasibility_audit.py","24062","29830c4b4ba33a6cf53ba58c0c2824c60a216e4a11bf259fd13c0b9fc929cfb4"
"experiments/build_s94f_dual_channel_information_audit.py","18474","e18194c800195831506c5d3aeb31d126613c4bd419b4d4430c46ec4b08dbfa57"
"experiments/build_s94g_full_query_scope_development.py","24308","bec7bf7e8860beddf8c304a13a72031c8b9fd5e2446a4ed2a2c588127dc1e6b3"
"experiments/build_s94h_independent_confirmation.py","30314","32220e45ece9ce9ae4e4cf9e3916a4a1becf23bda57358081866ed756603a985"
"experiments/build_s94h_r3_checkpoint.py","15361","16511c859eb0e68fea4bea3a509e99a73091a7b63f7be79e109f401a31a49a5a"
"experiments/build_s94h_r3_definition_compatibility_audit.py","3660","7d728558f880274179851fd55b780af153ea27e93f2544f7b87e56b59c64f265"
"experiments/build_s94h_r3_gui.py","11619","15f47130171c8981e25a222c6d218825129115cc4848fe4858a6c2a2401ed52b"
"experiments/build_s95_strict_blind.py","29167","0d7d868e216267b17a1762c2727bab0b503e2ab9f1419b7467b33ee75e750f3f"
"experiments/build_visual_notebook.wls","3732","b80d702f26e0d05c54ada2e159d8ddcf6814d9dc172c4e79602921ed858f0c48"
"experiments/Diagnose_TCCT_S94H_R3_Checkpoints.wl","969","005473b143ace0aea4f7e3fc6d66f8143c8b72f6e17ae3398639fba6800db6bc"
"experiments/export_s90_benchmark_archive.py","4305","81444bc9d92cdf53d31e235b469c2f97dd2cb87507971b2e5d8212ce2e957c11"
"experiments/export_s92_failure_audit_archive.py","3806","858b7a43640b7a1cfaf61878264a1198424fb413a7d8f61848ac07aed332a5a5"
"experiments/Export_TCCT_S82C_FrozenCandidate.wl","1052","3a33a3c78da1de9678063e3b5ac2a54854d9ab6ddbf943ef8ef88bf516f85419"
"experiments/parse_s72_source.wls","341","eac1171c23d0ccc088dd5086b30e68bd7ee36c80e22049a3f59280179d4b7dd4"
"experiments/parse_s75d_source.wls","365","ad458783157f86815604efbb9e4fd6bbdb554854a2c0b93125996c723a6dab11"
"experiments/parse_s76_source.wls","253","a9c6743ca23c443407e9c03c4f742c397291e800f8c1638c1ebed2ffa228852c"
"experiments/parse_s77a_source.wls","314","5edb88bf73d4ed173e8d5639618f536383d0aa50b776216c298c473bb3e51194"
"experiments/parse_s79a_minimal_source.wls","324","1439558be6b6bcfa3838b5c92fdb30b62095c8b874b766ef50bb36ab4edbba29"
"experiments/parse_s79b_source.wls","332","7965869a1c2b3a116d532786835d3b26e3dffd2e447e857403213f29c1541546"
"experiments/probe_live_s90_state.py","1615","75b86459a87ad15027917c2b68b14fc34490f3c69f995b40a6b34daba1e9e0b0"
"experiments/probe_live_s92_state.py","1260","9a7dd8146f21d373fbd3f436d15af6d7d86b3ad5432cd47a87850a403485ab80"
"experiments/probe_live_s92b_state.py","2329","b4b557d0a5ccffc115db56a07430519642af1400f4ee0fe6c8ffaf57a0f1d3ac"
"experiments/probe_s92_neutral_patch.py","4115","2fc5bfb3a836f99158d35af509a03347a5500db3fcc8aacea267366c48dcac9b"
"experiments/probe_s92_neutral_patch_failures.py","1051","d5e24f89a68e47f061b3b618a6f6d96b2ee498072b3e3212a133af0356a42544"
"experiments/probe_s92_neutral_patch_v2.py","4338","59c83ad670ddd119dda1bf3a9c511e71b760890dca5b6b202eda72ea2bf24126"
"experiments/probe_s92_neutral_patch_v3.py","2893","c5411827ff706f2bb49a6adf8166e83c18789351ffcb0e57d36c3f67affaa886"
"experiments/probe_s92_reject_structure.py","5050","8f1591ecfa6e8969d8069249d11c12b5dc968313afc1990ec47805046634e682"
"experiments/probe_s92_uniform_action_cardinality.py","3873","72a406106b9449550ace185818133525bc94e9f6112c0aa306c2c4b86e435a17"
"experiments/probe_s92b_pair_contrast.py","3508","6eb7c3154840f5eed7d22e24b71c40cff96c62865290e43c6822d253b04a4ad3"
"experiments/probe_s92b_relational_decoder_families.py","3716","2ffc8d57187eb791ae7deb8465cdf33bf8d70961c2c922e7697ad74b53d3b4cb"
"experiments/README_Jupyter免费方案.md","1238","ccf17bf549af92c6a9867461a0f61541268bf9e3ed3ecb49272cd21aa705a2e5"
"experiments/README_本地运行.md","1299","ab8abb472203a05f69cca6dfda078522f43086fdc5ed19fa75f8cb825d9c0a9e"
"experiments/Rebuild_TCCT_Notebook.cmd","476","6bb2feb4c4f5dc2fc0a73a1d751e1b943456c3b2acbdd67a51eb70a310e83d0f"
"experiments/recover_kernel_and_run_s87c.py","4693","a87d62ef2feb3565c0b2a45c7b7d911d9f36c0f3a3dfc87b15372a109a3bd1f3"
"experiments/repair_s87d_certificate_existing_kernel.py","6722","99b6e1077d48ecd71a4400b8c540d4f009e3a2e7e6b7e16afee810c725068c7f"
"experiments/resume_s87c_server_kernel.py","2848","538ef1b8903737be2532020ead8dd0ec36bbf156a5c95824344f52a572686cb1"
"experiments/run_s87c_fresh_kernel.py","4939","0c6cf94083f01c931ffc5723266b97464a6002d6aba0dbc40464f70080408e60"
"experiments/run_s87c_on_existing_kernel.py","7412","72827e96de40556d951aae230d34fbcdbabe087c5c9e681ba982023e4ac96fd8"
"experiments/run_s87c_server_owned_kernel.py","2343","bbbbffe4d967dca1942461dc6d4ada84600f8c7a009acbbc2929b62244ebd45f"
"experiments/run_s89_preflight_existing_kernel.py","7556","61ee514aa0f6ba8bb8c9eb6603198b1a2997af614d48ea7d57a9b9845f88fc2c"
"experiments/run_s90_preflight_existing_kernel.py","3703","fc64cdbe30015c21720a7715d87feba2f891cfef32e775979116158df54a2e39"
"experiments/run_s91_preflight_existing_kernel.py","3202","d09a1991a080c93241a4ebda65d73713ab5158270d288af56d8cd41c4faa48a4"
"experiments/run_s92_preflight_existing_kernel.py","3987","8bf61086c2c434bd9fee18f40f72b73f3fc13bec36822875aa2a3dc643889a16"
"experiments/run_s93_preflight_existing_kernel.py","4096","88b4c24ff63d2872985d134b0f6c2a163834e896628f4954be58d652eebee23b"
"experiments/run_s94_preflight_existing_kernel.py","4100","a28a8d48c85799ac334b13d4e017d8001b728972f8cafc84837724d14fbc463f"
"experiments/Run_TCCT_Headless.cmd","502","7e2a2c713e3bd81ccc2fbe589c465a5f478c1e05ba9e3b4569a5f2938d2a4a8f"
"experiments/Start_TCCT_Jupyter.cmd","590","42fcbb768e12724d1571d4fd65f6885f50083e94c6cdecde07a4f3d1af819e80"
"experiments/Start_TCCT_Notebook.cmd","813","1c91ad9d54dbb8265429fec9a3e54223bfa0c62e78f2dfcfa18c651075ea08d2"
"experiments/Start_TCCT_S76_Jupyter.cmd","851","d647893897aca6234b9e319a6ee2380ea0cc8b4453c21f945db7296a861ee116"
"experiments/Start_TCCT_S77_Jupyter.cmd","850","ce6f8b1e5c565c5a1d39ee57e2e41da0d890c56332adcba6ab9729aea693093e"
"experiments/Start_TCCT_S77A_Jupyter.cmd","852","4505cf3fc9162ec4ef921e3d31426fe5a5798fb03668aafbd650aa0e1b54529a"
"experiments/Start_TCCT_S77A_R1_Jupyter.cmd","856","3e64d5900af8757a6f597f3033d255393fceab32b5f0f7946941bc8c0d41d6e4"
"experiments/Start_TCCT_S78_Jupyter.cmd","854","733f1eeefc2fc4b807c4b8f1ac9765b98ca9a4e564c4503cdf9d4c7410a566c7"
"experiments/Start_TCCT_S79_Jupyter.cmd","864","a336567c2ac3d33c59cd8b4237b6fd39948e10cbe760079a429f16c0def548e5"
"experiments/Start_TCCT_S79A_Minimal_Jupyter.cmd","878","9f134394d3bb5e2b35a251401bfe9344a6600e3e6420f8a4c75175451939866c"
"experiments/Start_TCCT_S79B_Jupyter.cmd","870","cf4a583579b5ea81301d67b7beea51fc1a29285b6c68f875361bf0429711c15b"
"experiments/Start_TCCT_S80_Jupyter.cmd","868","e60f6a6224cdaa4919b439fefa492011b7a717aab304e04831b16f892632b1d7"
"experiments/Start_TCCT_S81CF_Jupyter.cmd","869","703130433c1dee3c45f18e69c386690ad6e04b5739e794b8f94f294b0d154efd"
"experiments/Start_TCCT_S82_Jupyter.cmd","862","f0765fa5cc959bb8aa5ab0054f489557f930779dace184d8f4d276d804870e8f"
"experiments/Start_TCCT_S82A_Jupyter.cmd","869","9feb4cbe187b87ccd7cf938d6baf26ce3cd5facf7932126521d9b24d0057560f"
"experiments/Start_TCCT_S82B_Jupyter.cmd","871","658d11832b04edbc2359c1f1ad09dba70d1e8e78bf02c59f9515e87b610cb923"
"experiments/Start_TCCT_S82C_Jupyter.cmd","860","e1d435b60b00e56b762fb5d34963a89781cd4a964583ba6dc39ca2e3ec4a85e8"
"experiments/Start_TCCT_S82C_Recovery_Jupyter.cmd","864","e695cf794e60b01c28fc0f9b9a31b271e0f720fda33f63632cb0512735be7ef2"
"experiments/Start_TCCT_S83_Jupyter.cmd","861","411e5bff9772bdbb5bbd123c30f1c6a0b4c2af63913d6d24ca78d25868121cf8"
"experiments/Start_TCCT_S86_Jupyter.cmd","1092","2150ab353d31a76626c491e0fb94d38769e3fc15361c7b05bfdb6abd809877f7"
"experiments/Start_TCCT_S86A_Jupyter.cmd","1037","01571b565a059b2c8f1469a6927bb0476ee98f63a579683bcf8ab293f0f56e1b"
"experiments/Start_TCCT_S86A_R1_Jupyter.cmd","1052","656e04c5d6e621c67c01472adb65cf8e41b06d162b92ddc7ab9ea168f98d8cfd"
"experiments/Start_TCCT_S86B_Jupyter.cmd","1051","cb5af25f794a6999d76fdb6f418149a1c02e17c62ec5f0287ef97cbecf498a46"
"experiments/Start_TCCT_S86C_Jupyter.cmd","1047","07c594f2d28b9f85c78ee5c2bea6770690e249fb1bba357a48b2050c29e10f1f"
"experiments/Start_TCCT_S86D_Jupyter.cmd","1043","4da4aa0a255ec67afaaa974ad71f92422874e4b4e205476308638791e5654b23"
"experiments/Start_TCCT_S86E_Jupyter.cmd","1033","3d56e4bb2be82f5ab619fe758db110674840a0c2de0950a95100978ed95ef7b8"
"experiments/Start_TCCT_S86F_Jupyter.cmd","1046","aa12bb1db539f8431fda55f7c6f5052a0dbe77b19c2559db7ad8ca3f54344ef5"
"experiments/Start_TCCT_S87_Jupyter.cmd","1050","9169bc0ef4ac580c60274527e97493d82a4f3d3eb020ffb8e2f931721552a76e"
"experiments/Start_TCCT_S87A_Jupyter.cmd","1045","225dc1e3551acf95321cbf4b4e1d78693cf55dfe00c740a123a6e4f4177efb15"
"experiments/Start_TCCT_S88_Jupyter.cmd","1869","b92e83b17145adc5f93a6c152279b257f2eebe296d031b44c0ecedfdc8d1b170"
"experiments/Start_TCCT_S89_Jupyter.cmd","1563","a84c11cdf3f4a6db429e71d66cda896ef844e2714b36a03d2553982cda0be11d"
"experiments/Start_TCCT_S90_Jupyter.cmd","1408","a4b74f445ab99bb9461e93f1aac8b205cbbdedf6a99ae375e4d64bcb038d6e2c"
"experiments/Start_TCCT_S91_Jupyter.cmd","1561","4d3b0bf36454f899c1a7fcf10e748b67deaca60e6856cc8c3ed74215276a7ad0"
"experiments/Start_TCCT_S92_Jupyter.cmd","1418","eb3a8c2e9b7ffc351ec059a785d2881156750c6351a2c44796ea231831f96c54"
"experiments/Start_TCCT_S92A_Jupyter.cmd","1751","a2a7f1542e06e5552b0c1a367e02eeb5db966b707fe2afc30d532ba373c394a3"
"experiments/Start_TCCT_S92B_Jupyter.cmd","1540","8a9a4b0fc4698aa692d466bc9bbedfb877ddbb77fb8581d19c97445f17ce4b2f"
"experiments/Start_TCCT_S93_Jupyter.cmd","1420","1efed9c920ba4eb83c6ea287ba494d6b915942bb480fa2762a7ca3e03cf2f456"
"experiments/Start_TCCT_S94_Jupyter.cmd","1362","a2536a3a50bcbc54386c7e2c28973c6e65c6fcda54574ffe5b802ba237f058a3"
"experiments/Start_TCCT_S94A_ResultViewer.cmd","112","dc168e1629ea78f9caf4186496c59a3a818a91ee6cf661730e1d721d79f79c2d"
"experiments/Start_TCCT_S94B_Jupyter.cmd","126","294ef618a7e623b05551a5a49c2c507ce04d8cee5fcb56e7389d801623aa0bd3"
"experiments/Start_TCCT_S94C_Jupyter.cmd","134","64e533358816db10cfaf6e6c36d5a5fb3ca7cd3b8e4dcb146a411ee5c99a29a4"
"experiments/Start_TCCT_S94D_Jupyter.cmd","129","2c901616a1d343122983ee8400b2b1ff3267e7fd0d08b1658851d842c2c25c61"
"experiments/Start_TCCT_S94E_Jupyter.cmd","130","d7ecaef41381961b6658e4152546c1cdd77d1b8c92961ee7b69b08ba4f44de2f"
"experiments/Start_TCCT_S94F_Jupyter.cmd","126","d682132b7a6d8355e5b6a5898410798fbaefd67f9259c7a622903055a5d1de5d"
"experiments/Start_TCCT_S94G_Jupyter.cmd","124","198f57d972827824cab4badb5ef9349bbb7c891b8d4401b32ce252645f5bac84"
"experiments/Start_TCCT_S94H_Jupyter.cmd","131","2428cf68902fa107db4d84182738228bffe87d9db6c59d84d077d99e2088d831"
"experiments/Start_TCCT_S94H_R3_Resumable_GUI.cmd","122","fb54c97c3e4a82297ca3affa5d8291ac66bb276df8a502feb67aedca4466f1d2"
"experiments/Start_TCCT_S94H_Recovery_R1_Jupyter.cmd","1143","9c0d9b66e5e068136d933b00956be988fd3e049a7dac419f13ea005ec5e22c71"
"experiments/Start_TCCT_S94H_Recovery_R2_Jupyter.cmd","1094","37f89a1b8ba0baa121ecbd761980ea22a4cdfc496f91a792914e03c4ba6d0c9c"
"experiments/Start_TCCT_S95_Jupyter.cmd","815","ee9b41879d008a2db68ab7d98048345dfa1246fa51008c10dc59a8bb1ac63591"
"experiments/TCCT_S71_headless.wls","863","9db86344712a12359dbd162c490ed49e670ed8c5888f4cec66d8c66f75569615"
"experiments/TCCT_S71_Jupyter.ipynb","936008","435d52756f5e16bca212d0a30297eb86ffe84af16f9ae01d4505ea510078e3ff"
"experiments/TCCT_S71_recovered_full.wl","40338","8d3221aee0ee2b5f9f8939d34d6da1f7aab665a6a5359bcefbfed6b76e6056e5"
"experiments/TCCT_S71R_WL15_Reproduced_Checkpoint.ipynb","936008","435d52756f5e16bca212d0a30297eb86ffe84af16f9ae01d4505ea510078e3ff"
"experiments/TCCT_S72_FrozenTopologyBattery.ipynb","1198128","c79b12203532aa92db51c5c16f3f04931c4bfdaffd8be9fd9c539c03a6a2a2e2"
"experiments/TCCT_S72_FrozenTopologyBattery.wl","6216","156d10ad58b16bf9e67e5e45c8fbf8bc0b5568a06d4b681a38914dc0dddd4e22"
"experiments/TCCT_S72_FrozenTopologyBattery_Result.ipynb","1198128","c79b12203532aa92db51c5c16f3f04931c4bfdaffd8be9fd9c539c03a6a2a2e2"
"experiments/TCCT_S73_TopologyFailureMechanismAudit.ipynb","1758861","b4367597accd2701929c835bc5c79c57c3e9015b80f4660e3c34ffb401aeb288"
"experiments/TCCT_S73_TopologyFailureMechanismAudit.wl","8718","cbb1579271787273c21855d792305f6843a08573b1c82a7fd5cb0d10fb14e6ca"
"experiments/TCCT_S73_TopologyFailureMechanismAudit_Result.ipynb","1758861","b4367597accd2701929c835bc5c79c57c3e9015b80f4660e3c34ffb401aeb288"
"experiments/TCCT_S74_LayerAttributionAudit.ipynb","1961922","45a86b4f3447b61e8219f57dc9305cab3ddbec4b3cde89ddf3b59f024304edab"
"experiments/TCCT_S74_LayerAttributionAudit.wl","6576","511f4d196da2b6324f17e77837c36b4f06ca14d8ac8e89ccee0d677f8059a759"
"experiments/TCCT_S74_LayerAttributionAudit_Result.ipynb","1961922","45a86b4f3447b61e8219f57dc9305cab3ddbec4b3cde89ddf3b59f024304edab"
"experiments/TCCT_S75_MultiscaleSemanticEncoder.ipynb","2345311","fa48e1061fd890e2a39e04a7d9f6085cd873c725b01c0b256923675fafca6a2c"
"experiments/TCCT_S75_MultiscaleSemanticEncoder.wl","8840","b2ce9ae132797b48567c1e5a5067de4b19f2416a22d0281fb76118f7b77794c3"
"experiments/TCCT_S75_MultiscaleSemanticEncoder_Result.ipynb","2345311","fa48e1061fd890e2a39e04a7d9f6085cd873c725b01c0b256923675fafca6a2c"
"experiments/TCCT_S75A_TradeoffMechanismAudit.ipynb","2954976","7fcbe33d748dfbf712a90c6310c11574e24910b08c50fcacee0101416d2bcaec"
"experiments/TCCT_S75A_TradeoffMechanismAudit.wl","11894","8ea3641b2404174f76e3270a550be1a6cf606153e910355b7403233371ae7e90"
"experiments/TCCT_S75A_TradeoffMechanismAudit_Result.ipynb","2954976","7fcbe33d748dfbf712a90c6310c11574e24910b08c50fcacee0101416d2bcaec"
"experiments/TCCT_S75B_CrossTopologySemanticAudit.ipynb","4186892","67ee3884065b9ce0449908f0d129c0c400db7b9b5a026dead58a9167522433d4"
"experiments/TCCT_S75B_CrossTopologySemanticAudit.wl","14130","6220aee3506cbcec094020d64f6fdb9fee80c85e0c1eafadaf863bf92f43e59c"
"experiments/TCCT_S75B_CrossTopologySemanticAudit_FailedRun.ipynb","4616682","a9eb11d6e4d5effa7f36d1f6027e2635722b9e95bea3693e3b8cd96ab49038a8"
"experiments/TCCT_S75B_CrossTopologySemanticAudit_Result.ipynb","4186892","67ee3884065b9ce0449908f0d129c0c400db7b9b5a026dead58a9167522433d4"
"experiments/TCCT_S75C_GlobalSemanticFeasibilityScan.ipynb","4883857","6c94ac7e618ea0733f635e0a0b10bf51d7b020fbf041e555ddd0604067e54fe5"
"experiments/TCCT_S75C_GlobalSemanticFeasibilityScan.wl","12134","9a1a080c750a76bb2b542221d838018f3d8c5ccb4494859d14b0dccd44b4e3f3"
"experiments/TCCT_S75D_ValidatedPolicyCompletionCheckpoint.ipynb","5393153","67c955876e6d942af4e24c467dbb5a7836bd02e841971e5fcd417f9f78ad11ba"
"experiments/TCCT_S75D_ValidatedPolicyCompletionCheckpoint.wl","9851","6ff5bb5cc6a34b86367642e2bc2ab2b683a1fa4146d28cebfb2d0d50711cddbe"
"experiments/TCCT_S76_NestedBraidedIn_BlindTest.ipynb","5943908","0cdc178dc6ba2e14dd076240a233bb2a42784d206aa8490fe3183d4685ffd17e"
"experiments/TCCT_S76_NestedBraidedIn_BlindTest.wl","14672","d37a65785c59915351c68b8a9eddfe2135dd627a9d63355bd2c5c5a5273d53e4"
"experiments/TCCT_S77_ScaleEfficiencyBenchmark.ipynb","6737344","3d95e4108353d2fddfb1f96d9f4ee9b1dcb77a95786e87fbcdd32b8afc561f5f"
"experiments/TCCT_S77_ScaleEfficiencyBenchmark.wl","11795","a3f09f7c193384c1633a186211845586af881febeac26a2f48cb1628943ba115"
"experiments/TCCT_S77A_PropagationHorizonAudit.ipynb","7049437","98519ef937c29e8233da92cf87f80f83028b254217763b9d44444fed4474267f"
"experiments/TCCT_S77A_PropagationHorizonAudit.wl","16434","e4f7771a6c84f0a72f72d7f80aaefd09a42a3830c18a61750ce64a3c2e8eaef3"
"experiments/TCCT_S77A_R1_StableSemanticLock.ipynb","7126934","69f1099c4b9d4a96ab2c5276c2ed2a16b81a58ed87e51fade2ff90f0c9c22ad8"
"experiments/TCCT_S77A_R1_StableSemanticLock.wl","18665","1ea166e75ab77a1a1895509ad5e9d05907caeb8daad31b2f9e0f6adaee9e3f40"
"experiments/TCCT_S78_DynamicHorizonCoreRegression.ipynb","7451862","2eca6f0afd237721668290c53c00dff8b798c161b58d90b35a1e28b52e82654b"
"experiments/TCCT_S78_DynamicHorizonCoreRegression.wl","24379","79f89d340c11f6e9bac95c737caa9b79c87727657ea05471bcbf441fee3aef39"
"experiments/TCCT_S79_DoubleDiamondIn_BlindScaleTopologyTest.ipynb","8100122","c589a45e997979a5da385fbbfeb88cc4d41602c2c573a95d10dd603465dcab83"
"experiments/TCCT_S79_DoubleDiamondIn_BlindScaleTopologyTest.wl","18022","483efb81eaa85d7fca92d723b0e78b83809ddbd26b983c95da4d4e76b7ac4a2d"
"experiments/TCCT_S79A_MinimalBlindFailureMechanismAudit.ipynb","242359","7a3238409cdd334a242620b789531898e266c7ed295e651547c21ca46016116f"
"experiments/TCCT_S79A_MinimalBlindFailureMechanismAudit.wl","18985","e560308687ebb7a9733746803378efefd72244d5c648c2b6c014f7c4625db8c7"
"experiments/TCCT_S79B_PrivateDiamondCanonicalizationRepairAudit.ipynb","351742","865e5b0241d349f7f99272d4d5e6f68265af3376e431315d62b4958d0a9192c2"
"experiments/TCCT_S79B_PrivateDiamondCanonicalizationRepairAudit.wl","21180","b245a9976c06b2a2478cf4f46bb78ac2d49109f4f55daec81d7eec50c736c798"
"experiments/TCCT_S80_HierarchicalDiamondIn_BlindCompositionTest.ipynb","293044","5d679ba2f1d35b6522f6550484fd821bcdcd31d22f554dc029529900707aa32c"
"experiments/TCCT_S80_HierarchicalDiamondIn_BlindCompositionTest.wl","25207","9db9cdb3c4c4f317c6538c8db868de191ffa863174790a7afd82f8be62242d20"
"experiments/TCCT_S81CF_PairedStructuralCounterfactualAudit.ipynb","299058","eb37b9de95142beb1a392f6450c7a0a2912bd1f9e4550b4c92cfd4bf2dc8befc"
"experiments/TCCT_S81CF_PairedStructuralCounterfactualAudit.wl","33200","f44d02b93bfdf0c8e093b56d12f4aa92dc631fab5337cf56eb28f9a52cad9301"
"experiments/TCCT_S82_BlindLocalMediatorCounterfactualTest.ipynb","390710","5b6193e26b35d9bce24bdb1a4ad67f439d39ee5028969eb4abdbb5a9baaa62fe"
"experiments/TCCT_S82_BlindLocalMediatorCounterfactualTest.wl","37733","bae73f8c7faac5ef4119431c2093672235bb810ec7788dd199e341f98972b746"
"experiments/TCCT_S82A_BlindCounterfactualFailureMechanismAudit.ipynb","701111","d3b5fb6a2bb3d62cf2e6bd110c72a7def520b4c27817395fb214a355273b9cd0"
"experiments/TCCT_S82A_BlindCounterfactualFailureMechanismAudit.wl","40367","94aa283b4de81f7e4e8c10697097ecbbf1942e6fc5ec482d50c1eca204b17443"
"experiments/TCCT_S82B_QueryRoleSemanticRepresentationDevelopment.ipynb","563789","5a1f463429fd0d63431973f60469182ca8859b2323d1400974970881fd753195"
"experiments/TCCT_S82B_QueryRoleSemanticRepresentationDevelopment.wl","36994","71ca55e0d63853b07efa2cdabe79c14f02e4c72002cb459fce6b6d7228a8f07f"
"experiments/TCCT_S82C_FrozenCandidateRecovery.ipynb","50301","e552346fc6453875b352dc0e3a700f0b82ccf29945fe1620fa31717c9b5831ba"
"experiments/TCCT_S82C_FrozenCandidateRecovery.wl","33373","5b9a8bca96866a4d710440e33a7cccf1e1101f8f863950bcd90253d1b4fecfd4"
"experiments/TCCT_S82C_FrozenCandidateRecovery_RunLog.json","5597","c94831056d787ffc2cd4c0a37f7c2ccee344b10b272df35b4e9b040420fda200"
"experiments/TCCT_S82C_RepresentationCapacityDiagnosis.ipynb","684933","6668ac55d3efb34b236c0d50ec3992e37345004fd81dc78f718fbd14740d974b"
"experiments/TCCT_S82C_RepresentationCapacityDiagnosis.wl","38201","486bcef075bd195eba5b2098ef3291e44c53c3bb2623f2cb0b8a9a43eb08a79c"
"experiments/TCCT_S83_BlindQuerySwitchTopologyComposition.ipynb","58753","43d8b2a355dee8223b5023304467aaa44069e2970b7e8ca6631def8a803b5d46"
"experiments/TCCT_S83_BlindQuerySwitchTopologyComposition.wl","39815","313eca0c519d48ec0ae4d4352962aa3ef0632d8e901274e1f8a83ee2c4637652"
"experiments/TCCT_S83_BlindQuerySwitchTopologyComposition_AutoRun.ipynb","58753","43d8b2a355dee8223b5023304467aaa44069e2970b7e8ca6631def8a803b5d46"
"experiments/TCCT_S83_BlindQuerySwitchTopologyComposition_RunLog.json","15579","72e7e19dccf6f316c97845814a06e12912b87a782be2106fc4e3828b5ad2b398"
"experiments/TCCT_S83A_QuerySwitchFailureAudit.wl","40235","05ceb780ef36a3d19c7a0b55fe9030393c44e92b57abca7e3e2d7a79151ff372"
"experiments/TCCT_S83A_QuerySwitchFailureAudit_AutoRun.ipynb","59470","68ed4d446bbcc1e1a767216f8ee50823e5bc531979a9421873616104ec7b50a6"
"experiments/TCCT_S83A_QuerySwitchFailureAudit_RunLog.json","14310","39baa65ef2aba8b19a5c3ac6edb8be9f3e6bc23857463710d9f78eb414c23c78"
"experiments/TCCT_S83B_FreezeK19OuterCandidate.wl","3956","dd996a8f79fd705f83dc9ea9e5a2e1643b669656e77861ac00f461f07eda174a"
"experiments/TCCT_S83B_FreezeK19OuterCandidate_AutoRun.ipynb","6252","88f111eec2aa01aff06c499131c547158f3ad2299f34b338ffd615cabad48274"
"experiments/TCCT_S83B_FreezeK19OuterCandidate_RunLog.json","3681","84d33adf332bd93af9b088dd9a4e268dd94e4f5c32c819903529e00ddc6cfa0b"
"experiments/TCCT_S83B_RepresentationCapacityScan.wl","7979","f7919050e59d3869dbf84c10172002cf96e9967b33d80dac08407c1dccdccc9a"
"experiments/TCCT_S83B_RepresentationCapacityScan_AutoRun.ipynb","11645","42797baef9dbf87abd846124ba0ad1f0571d0bc1260aed3e7bcbd56a85cd23b9"
"experiments/TCCT_S83B_RepresentationCapacityScan_RunLog.json","10649","e7f7e3e9849d55e4390c51c34e4b04075c6798062f2b25de50f89af1eecb917f"
"experiments/TCCT_S84_BlindDoubleInterventionQueryGrid.wl","43519","e1024d87fbfeaa544f87af93cbb33d49192fcec281ff7091f745d283fc0aae2a"
"experiments/TCCT_S84_BlindDoubleInterventionQueryGrid_AutoRun.ipynb","63469","799a279d8b73b19003646bd41a7f96a9f7553481e976e2de2ab3b1fc44ea96a5"
"experiments/TCCT_S84_BlindDoubleInterventionQueryGrid_RunLog.json","20420","8afe33b71e367a1c46587d3d227c3d31723b3eab2bb454e205c8921fcc578567"
"experiments/TCCT_S85_BlindInverseInterventionQueryGrid.wl","43612","1ba23fd90304daef9e30d6686f1b72b4c7c3d70231eff3412b85e3495753bea8"
"experiments/TCCT_S85_BlindInverseInterventionQueryGrid_AutoRun.ipynb","63505","13be937090450203c47c4c8b950307f0534e30a1f4937dc9014be7a8a2f26c37"
"experiments/TCCT_S85_BlindInverseInterventionQueryGrid_RunLog.json","20553","0842c447e22b0c409b2eac6715e64567308f0cedd22066eefb840249a3c9dfa4"
"experiments/TCCT_S85_PreflightDiagnostic_AutoRun.ipynb","1827","704ca33b98436f182bc95341658d28304690a97d95643fb4ee874bf999a6eefd"
"experiments/TCCT_S85_PreflightDiagnostic_RunLog.json","2008","c1f264185fda49361266746c684387c20942b74b596e0b40a383532f930ba8b4"
"experiments/TCCT_S86_ExternalSixBranchBlind.ipynb","817273","6774058b72f99c05b35deccb2b6011f7f878f8d2c72c5fbd4b7c57c09dc9247e"
"experiments/TCCT_S86_ExternalSixBranchBlind.wl","45859","e5297539167e4ef0b8db48060d9f748058ef6811a6bda68d909c197feca3c706"
"experiments/TCCT_S86_ExternalSixBranchBlind_AutoRun.ipynb","66899","82adc3cbf220709657814855ae492dda4ea2f557158765b554cf20b3088f8161"
"experiments/TCCT_S86_ExternalSixBranchBlind_Preflight_AutoRun.ipynb","53023","7b186497b5e0e75ae34eff4fb2276cc792ad483acdb973bfbd0811345428fcdb"
"experiments/TCCT_S86_ExternalSixBranchBlind_Preflight_RunLog.json","5227","9ab045c6279c8509de0949db0d7ce454650c773d43be37583892fca6f26b5b4a"
"experiments/TCCT_S86_ExternalSixBranchBlind_PreflightDiagnostic_RunLog.json","5204","9f2a41d0dd15ed91e7f2ba528f12ffdbb3996c326aa6b4d2d2dcdf6ad15076e6"
"experiments/TCCT_S86_ExternalSixBranchBlind_PreflightValues_RunLog.json","7241","14ee04dd64201daf90de08309cbecaa3c867710d46f78a5970aa6ce463f44ce4"
"experiments/TCCT_S86_ExternalSixBranchBlind_RunLog.json","20635","92b3d9fa012952c6323f86c5ba5b1610e078d35eb06e4f0e0b5c8defc92a736e"
"experiments/TCCT_S86_RUN_INSTRUCTIONS.md","1477","0f2f509918d71dbeb6337a69d4939c2881571ac9bf3fc8903a07d9c89e2ae603"
"experiments/TCCT_S86A_FailureSnapshot_AutoRun.ipynb","1640","6c8fde24c3dd7722ddb50ea72d93b6d5f758d93d4193db53b2e33a29ecdbaf9d"
"experiments/TCCT_S86A_FailureSnapshot_RunLog.json","2881","11c7d2127a087be22a8c6760a906c978bf21969259994db1ea0af7e8f8a59ad5"
"experiments/TCCT_S86A_R1_SixBranchFailureAudit.ipynb","69610","67c86942926b11fee493ccc23d78acf84e9844a74276785ac27b855a49a9c8ef"
"experiments/TCCT_S86A_R1_SixBranchFailureAudit.wl","49319","510da9dd5506dcbb793b19ce0f4abee9c3fc1426876dae5c636c4e65642e48e6"
"experiments/TCCT_S86A_R1_SixBranchFailureAudit_AutoRun.ipynb","71736","b1cb9c914adcd7f05227ad0147a1a344a1c662080aab325f434424576f42337a"
"experiments/TCCT_S86A_R1_SixBranchFailureAudit_Preflight_AutoRun.ipynb","418994","57eeae3038100d285e51371e46a52939cb931561906db0b1bb934c18f7e3ce94"
"experiments/TCCT_S86A_R1_SixBranchFailureAudit_RunLog.json","20868","594a118e801d01bbe96e45fe65f4e4399184399eb56d0ed6e62b1ab2e8b56c09"
"experiments/TCCT_S86A_SixBranchFailureAudit.ipynb","840589","082e69b41ff823af9b5a7c7a1dbdbdf6b1548aa2e0057856c5e933a510391364"
"experiments/TCCT_S86A_SixBranchFailureAudit.wl","48766","dede4f7c5e02188251d17f9b0a5363c6cc517dd1b9443afb96b6540448983764"
"experiments/TCCT_S86A_SixBranchFailureAudit_AutoRun.ipynb","71060","4ddda5eb1f6e90c899f22bdadf48e191f0409cf5586b1931f7cbb1a3a23b1478"
"experiments/TCCT_S86A_SixBranchFailureAudit_Preflight_AutoRun.ipynb","62179","25a90f7fd5373903f204162e2b056c3678918912a5cceeb3887e6ee296b7d1e7"
"experiments/TCCT_S86A_SixBranchFailureAudit_Preflight_RunLog.json","6895","91336aa01634ae9115fc23730f76656c366636a018df6381ecdc62e66c0c58ad"
"experiments/TCCT_S86B_CombinedPolicyDevelopmentAndFreeze.ipynb","642079","eb60567ec8d3a280bb22ece2c651b8dd382e4057c90bfc6a969191493ee77176"
"experiments/TCCT_S86B_CombinedPolicyDevelopmentAndFreeze.wl","62308","58c2af225de1ec8a7ef5e7a322562ba0052bcecfa2eae8d8cb92652714ccda80"
"experiments/TCCT_S86B_CombinedPolicyDevelopmentAndFreeze_AutoRun.ipynb","88815","e3a4a5d1aeb7a2b44d2c6d6c96b127583235ba4e60edfe519019d55366976d08"
"experiments/TCCT_S86B_CombinedPolicyDevelopmentAndFreeze_Preflight_AutoRun.ipynb","75717","4e8e16da2f941620287a238379dfdf869d120e87c3cf8105a0cc9027c773b646"
"experiments/TCCT_S86B_Preflight_RunLog.json","4902","a564ad3c753a117d90a5e7b8d46552b3014c363f893b862542296da41b377b00"
"experiments/TCCT_S86C_MinimalCrossArityConflictAudit.ipynb","783447","39cffda2e845875132aac587896ba1a542db0158919b5478071dbe5f01a4eb8c"
"experiments/TCCT_S86C_MinimalCrossArityConflictAudit.wl","59066","6fe5e139ffd87588f00afbb3dcf68c919f3c575a513cb484d8916013a9a15b05"
"experiments/TCCT_S86C_MinimalCrossArityConflictAudit_AutoRun.ipynb","84771","83662dc883ee5d008e2c4b1f8939050c92a6c76209a828bfc134ee15f6222123"
"experiments/TCCT_S86C_MinimalCrossArityConflictAudit_Preflight_AutoRun.ipynb","76085","1ab0123defe6d1663ae5b423b091df5f510b505c7dcd23061009095426ea7beb"
"experiments/TCCT_S86C_Preflight_RunLog.json","5516","45b759183ed17673c83cefe092af44c3d4a1b2703f3e04919710dbcee902c6db"
"experiments/TCCT_S86D_FullCombinedKFeasibilityScan.ipynb","845824","905cd1b9abec23a197282af7f3fde703de8a352841c7facf90ea91a0377274e9"
"experiments/TCCT_S86D_FullCombinedKFeasibilityScan.wl","61627","fb89336c5ca62b9892b48e76757cef90004934d846af3764a0b6d1c27541e047"
"experiments/TCCT_S86D_FullCombinedKFeasibilityScan_AutoRun.ipynb","87891","287d3b9b8e4525c5daf7514ccc7700eed52fe7a0a9975098aefab7d949f14a37"
"experiments/TCCT_S86D_FullCombinedKFeasibilityScan_Preflight_AutoRun.ipynb","79708","d51ef2bf323272a610e70d79a90305d83e17b1a490e04dc142e63c762efcab7c"
"experiments/TCCT_S86D_Preflight_RunLog.json","5585","c540c79dc0c94f2ef04eb89e79fab9afb19beb3d720780469189497d1fc9fda6"
"experiments/TCCT_S86D_SelectedK33Policy.wl","1728","07c284d13ae852f9ea523ead2a8a16b41149f59074d0bbf3849cebbf0234dcd6"
"experiments/TCCT_S86E_FreezeK33Candidate.ipynb","411314","4f1845508afd8acc8dcadca968b5d9f1af5b7b186330512a9cc6db1704313275"
"experiments/TCCT_S86E_FreezeK33Candidate.wl","32368","26fb6b12a2a67dddfef2f2dff7bc26bb0a2f4f507f5717ab825f2a4ebf56b982"
"experiments/TCCT_S86E_FreezeK33Candidate_AutoRun.ipynb","48113","179f2f418e4f456e66b6c097d530b797933966bfd6254a8205171c77c236dbb9"
"experiments/TCCT_S86E_FreezeK33Candidate_Preflight_AutoRun.ipynb","42150","c78598a0816dbd03c0ffeabdd8b2c5242b1526d85bc07dbe32894a59cdab017f"
"experiments/TCCT_S86E_Preflight_RunLog.json","3377","68c35918e7dbf8a3ebc7b35d68d3ff1b8e083b0bd8f1494be5b65cb8034d39cb"
"experiments/TCCT_S86F_Preflight_RunLog.json","2986","8a05ddadd132500d10ff0c7684eb6e559b7989a3f50138a8fdee15e6ee700022"
"experiments/TCCT_S86F_RevealedS84S85Regression.ipynb","1799598","30cb46947baa6a9f3d13809f4e10a20b5ad36ad6ae735eaf47d69746880a661b"
"experiments/TCCT_S86F_RevealedS84S85Regression.wl","74872","1de9018fd8c5e972f2a237b1f340e77f9cab7cb9f611691298d35fe8616201bc"
"experiments/TCCT_S86F_RevealedS84S85Regression_AutoRun.ipynb","115814","b5d50a9c56a4817999bde764fe1f8903f52147f47b9cc9e89afa664804239cb6"
"experiments/TCCT_S86F_RevealedS84S85Regression_Preflight_AutoRun.ipynb","47491","26b11e9b760da4d0bc9e3276dc80df3e8c51f189ec2520b58f334885d6eee974"
"experiments/TCCT_S87_SevenBranchMixedInterventionBlind.ipynb","971161","6844387c31d69d0959525083e33fe95002a9b88725f45d5f56d952e87314a976"
"experiments/TCCT_S87_SevenBranchMixedInterventionBlind.wl","50951","fae563e3e3d8427ea8686da7e4dc4750b057d5d6af3c4b57d1a965e5599092f9"
"experiments/TCCT_S87_SevenBranchMixedInterventionBlind_AutoRun.ipynb","82429","3bfbc365c8fc02c659fab1a2e11d2d64bbd15876699860114ec285ee1c9e4383"
"experiments/TCCT_S87_SevenBranchMixedInterventionBlind_Preflight.wl","40042","a6ac1e91eaec4c95bb6d7bb19c3761801787b0649c3a83add38ace2f2d29f28f"
"experiments/TCCT_S87_SevenBranchMixedInterventionBlind_Preflight_AutoRun.ipynb","66290","11b965d027f15eb36d73e6e72fac227d9f962244438a9f7f27d69cad604e7c58"
"experiments/TCCT_S87A_RuntimeProbe_Empty.ipynb","222","8051aa292329593399f35c92f135f2cd34c3ead843f0291528de8c3998e3b987"
"experiments/TCCT_S87A_SevenBranchFailureAudit.ipynb","2244949","55f606bf6a18c6540b2424d2f6d45556aef9684100b707049e5ef7028ada463d"
"experiments/TCCT_S87A_SevenBranchFailureAudit.wl","61914","2e47ce9a7b276b9697906bc005b21ad75aa28e607bb678da4077d04ee9bd7b71"
"experiments/TCCT_S87B_StructuralPolicyDecoderResearch.wl","14284","7c767366964ec1203559f5127fde2eb0ff209dfd810498071ec487aa161ed9ee"
"experiments/TCCT_S87C_WorldMultisetDecoderResearch.wl","17193","7e5671ad02907f9fc08126d438622666034c4e11c019fcc15a48f2baf7b60a78"
"experiments/TCCT_S87D_CertificateRepair_RunLog.json","1027","2b1de03d9c821a8a37d1c2706ba6537a139b91d65c777cbd34c8849799a60efa"
"experiments/TCCT_S87D_FreezeWorldMultisetDecoder.wl","13771","0d423ca0dd34d3e60145b88ceb5c4dae9201735418768607794a50168f0e0587"
"experiments/TCCT_S87D_FrozenDecoderRuntime.wl","5457","7d45fffdb3e33a0f0759ae9fa93c84429743cbe39fc7f02c38eeef11739740ee"
"experiments/TCCT_S88_EightBranchFrozenDecoderBlind.ipynb","1113197","41fba2121fd66f138960bff6b2bf3042388505d764769f00bc46abe1f3f43840"
"experiments/TCCT_S88_EightBranchFrozenDecoderBlind.wl","59308","a8b685e858a10491c4477ae24fa5ebac96f85e06579979ad89e5580a60c5406d"
"experiments/TCCT_S88_EightBranchFrozenDecoderBlind_Preflight.ipynb","65663","a4a6aa7d9f0af3e7d431f0276247cff3e5ded4862a7a27491a21a26c96327f57"
"experiments/TCCT_S88_EightBranchFrozenDecoderBlind_Preflight.wl","45253","8f14a2c23f39251f83ad6e2f85360465292f0c442cf8258bc088477d670e7cde"
"experiments/TCCT_S88_Precommit.json","1318","96051d93d39c05190a06d519682674478fe7242a4287896ddb1ac8070227d818"
"experiments/TCCT_S88_Preflight_RunLog.json","6669","f0ca43218cd2294e588d6629085c35d29ac59dae640fad49aa242a9baabf19cc"
"experiments/TCCT_S89_Precommit.json","1510","ba5bfad29f0fb796435b2c700bad616d22ace09ab35058c60fd91fb115260af5"
"experiments/TCCT_S89_Preflight_RunLog.json","6436","53f785e3ee28a94b99ce8458048fe575c94e88036946997b627a6ac47fb4ba09"
"experiments/TCCT_S89_StopRelocationCounterfactualBlind.ipynb","1105979","042a66e3773136ffa945f2f32321f487067ccf845aa8292c6d6a3a5cce3565dd"
"experiments/TCCT_S89_StopRelocationCounterfactualBlind.wl","63707","f89411f77c60e73107f9a7432da51160c38e93b5436cbd827ccc207c5a7b9892"
"experiments/TCCT_S89_StopRelocationCounterfactualBlind_Preflight.ipynb","69607","3dcc22a3a7dd510addf4e5a68196d382b2c9510905eac256e3ed4f43bac17e5b"
"experiments/TCCT_S89_StopRelocationCounterfactualBlind_Preflight.wl","48529","a1d6ad757f4f2451055adb4bd3d213bf8c7d1c16812161610e48df69f779e0a8"
"experiments/TCCT_S90_InterventionAlgebraBlind.ipynb","1029431","4beefb34ca9aa1c7d79c93bff48bbcde5db5f6a82c49608ec04dabb931d1426d"
"experiments/TCCT_S90_InterventionAlgebraBlind.wl","59513","a022f2ff25f150c1849f040131fdb19ef37c27ed5ed0c126f475fd703a618547"
"experiments/TCCT_S90_InterventionAlgebraBlind_Preflight.ipynb","67871","f4a9ed68f41d5f56aa220e1dbb299e120fbd228aa325c5641e3edbdfeb06bb9f"
"experiments/TCCT_S90_InterventionAlgebraBlind_Preflight.wl","47488","2801339c31255acd31141c49e99151ea95eca5b0741500c3e1bc5c96033d40fe"
"experiments/TCCT_S90_Precommit.json","1217","c7dd6e1da0b7cd594dbfe3fbcb4b309d17b29299a6edd975784893364f40d066"
"experiments/TCCT_S90_Preflight_RunLog.json","6148","60c70411b534b54f5e9ecd054f02365811a0d0265ce01e13987935ac54e46a09"
"experiments/TCCT_S91_AuditValidation_RunLog.json","571","d8249f8239aca03869787a0ad5407a57dda2253f879271e90f212e7c0a2be582"
"experiments/TCCT_S91_BaselineAblationBenchmark.ipynb","951865","dbc251a5bb10047b46a7e0d3ed648169126971c10fad7efc1dce5c59602345c5"
"experiments/TCCT_S91_BaselineAblationBenchmark.wl","18520","e556ee3f40cba3eabd3fd8b427aeaf8c46051a779639a4de9fc15251acdce2c0"
"experiments/TCCT_S91_Precommit.json","1224","b8159be489bb7e862c8582b3e89517a52bd20654b4d25f3fce4d5274a965d957"
"experiments/TCCT_S91_Preflight_RunLog.json","15766","532d528b85411c8db29a0c8e0d8a6fac4dd4173c8620463eb7dc7d4f6df0ac4c"
"experiments/TCCT_S92_CardinalityMatchedUniformActionBlind.ipynb","779695","3a3ff0f05231f1b67b3722dfbbe7d68949d15d17e2f8175abd41a76013d8869f"
"experiments/TCCT_S92_CardinalityMatchedUniformActionBlind.wl","54069","2051009841c6b57c87fd6f74caf6001084c8e6ee755b32fb6ae80fd63972694d"
"experiments/TCCT_S92_CardinalityMatchedUniformActionBlind_Preflight.ipynb","59877","031e49b777edfe2baba4f1fe47d10bbd9c8f2221077d94f3b10b3ea30783c282"
"experiments/TCCT_S92_CardinalityMatchedUniformActionBlind_Preflight.wl","42445","04d97aeb616a75f45d505150e380923437d499201d32454ba6354376e129b16f"
"experiments/TCCT_S92_NeutralPatchProbe_RunLog.json","542","33d4f3eb74be2ed2d0afe0119c19e8c3337bac6e729eece45d01833bed42bdb2"
"experiments/TCCT_S92_NeutralPatchV2Probe_RunLog.json","602","33bfd039ede5fdde0538b7a7db7516907f1e1ae2a5d4c8889a2178afa3cd343a"
"experiments/TCCT_S92_NeutralPatchV3Probe_RunLog.json","604","1aa39c1a4d826838e4ebd625c50448a3218e19d70924025764a8cc3546fe4ba8"
"experiments/TCCT_S92_Precommit.json","1261","66b5e394e28d31722b2643751b97422cedf163df04ec3b9763603319f7823630"
"experiments/TCCT_S92_Preflight_RunLog.json","6113","14088bd1a8f9e19398f01ad7be7093d344b109601fddf3e317b510abf8353789"
"experiments/TCCT_S92_RejectStructureProbe_RunLog.json","13451","ba9d597b7f496ee8a22bf386be51771d9b17e54eebed606ab62686f9f62d18c7"
"experiments/TCCT_S92_UniformActionCardinalityProbe_RunLog.json","618","d30384b90ee35dbea57e58e71a811b38651c3c987ff1369c3a5c029010c69f06"
"experiments/TCCT_S92A_FailureMechanismAudit.ipynb","1103084","0a5201444d1f5cf3f644a1254be58677d91aeae5d9522c9a56f5bb379735b879"
"experiments/TCCT_S92A_FailureMechanismAudit.wl","20125","3a364d90102a07a13a0b083a1e03de740c039df999295a66b9cf3ae1ef70b92b"
"experiments/TCCT_S92A_Precommit.json","1728","00e6a32c0d6b7938b86bd2c43814b22bf1221443a969ce488821834b28a1013d"
"experiments/TCCT_S92A_Validation_RunLog.json","28593","1aa34b0986db998b75e5dfae5b241f17fb9cede9df2abad083681ccd060b14b6"
"experiments/TCCT_S92B_DevelopmentProbe_RunLog.json","1923","1285f4f1f513898287e9325872d548d827ba1e5bc5a0b7dc41c71a7c7fa88ebf"
"experiments/TCCT_S92B_PairedContrastDecoderRuntime.wl","3105","74a926b8efccaddbd1dd07373ac35a93bc53e9fb08cc456ce1adb6a006d333c6"
"experiments/TCCT_S92B_PairedContrastDecoderTraining.ipynb","1182010","6d13fa3584a13e572d09292cc958f48f305a203d694995eb598259a1ac9d318f"
"experiments/TCCT_S92B_PairedContrastDecoderTraining.wl","23799","c3eb28cc8ad9577f352bc31fe597d3fd9e4eda9e1b4130cd20f1c0c6655f3820"
"experiments/TCCT_S92B_Precommit.json","2089","26e0568a2b35128eabf242535588b53f422997f8ca0df29557ca9095c2cbfea7"
"experiments/TCCT_S92B_Validation_RunLog.json","29162","ae1233ad4be8788b62608701a8604a2adb019ee8962f8c85da4aa3909e4249c1"
"experiments/TCCT_S93_PairedCounterfactualBlind.ipynb","761626","3bee19ab80aa6ebd11960965805d008415e7b26ebcbc12b298ae92f84917a993"
"experiments/TCCT_S93_PairedCounterfactualBlind.wl","55548","0a492c8bb75050125ef9b2939daae957666f6e99038c51372cd2eced93137746"
"experiments/TCCT_S93_PairedCounterfactualBlind_Preflight.ipynb","60430","ddf65b5be94362071e326f3444038b76f561be025a8aeb93442289fe2f2f4de1"
"experiments/TCCT_S93_PairedCounterfactualBlind_Preflight.wl","43336","5037f2b2187b31510a83bb0b87a95f471039685abe795dd547ec269dde34c4b3"
"experiments/TCCT_S93_Precommit.json","1692","0d9fe85116cfc1bdfdd2dd1e8d471af21a1475ed99a53d48dda27574e5b50edc"
"experiments/TCCT_S93_Preflight_RunLog.json","6652","ed1b3568f63fb9ec5f90ac3e14bd18457dc3c84e6561822ef9cecf22b8e1c4ae"
"experiments/TCCT_S94_MixedContextRobustnessBlind.ipynb","704469","66390ee9aef86ab373c72713454c45e77d24f724145a5ddb26ab6788b3e085cd"
"experiments/TCCT_S94_MixedContextRobustnessBlind.wl","51865","943c998ac115864276c1991ff40bd2e00eabd5899fd9e1a3b57fd9bdc714a250"
"experiments/TCCT_S94_MixedContextRobustnessBlind_Preflight.ipynb","57751","f98c187d0df995ce69b99804eafeea74e1f4e3826ba23df4c4a1a67086b401bf"
"experiments/TCCT_S94_MixedContextRobustnessBlind_Preflight.wl","41228","1321d6b5903d5b1db2d49ec8e6461112f251036e5397995fcdee8df5dbee4f50"
"experiments/TCCT_S94_Precommit.json","1668","7aa1108d3e8da746d4c2d95d8359994eb68fc62e3a0fd52337629e494f6227ee"
"experiments/TCCT_S94_Preflight_RunLog.json","5948","aa3b6aee13bc447d854ca7943e91553cd099a0a91185f968b147b3f555473c8b"
"experiments/TCCT_S94A_AuditResultViewer.ipynb","1602","fecef97d8985326b11ab0948db3152b1b51604a7f4a423d988e240e6e8b5f7a4"
"experiments/TCCT_S94A_ModulusFeasibilityAudit.wl","11772","d3bbf18006194b9f6b478f02dcde84a2703a73c6175aea26d9e74957f4f99cce"
"experiments/TCCT_S94B_Precommit.json","1334","c16970f0e8a1d1777104b824cdeb475aa08487371cb686b07767d57cff5dcbed"
"experiments/TCCT_S94B_RoleAwareReadoutDevelopment.ipynb","738370","fdc7edfa8a449ef4b88ccd7396dfe4a0828cd36daa0a0a8d1844e945e7b31eab"
"experiments/TCCT_S94B_RoleAwareReadoutDevelopment.wl","53624","2fae38146b5f7770fddfa43a091322a210339e86fdb4d67bbabd532a56787e34"
"experiments/TCCT_S94B_RoleAwareReadoutDevelopment_Preflight.ipynb","58802","ef105f88be71f59a412d76ca9ed9533aaf28ccae6cdda616ee811e01b2b9bf83"
"experiments/TCCT_S94B_RoleAwareReadoutDevelopment_Preflight.wl","42232","4ddc486690de046bf225fdd8d7160723fcdd587ebb91fb8cf16ed1b46810e572"
"experiments/TCCT_S94C_ExpandedRoleAwareReadoutDevelopment.ipynb","1273803","1728ee4cc76b65fd1f2a1dbda61469f0e26ef3441ebf78d2b758353d5a9ebdb6"
"experiments/TCCT_S94C_ExpandedRoleAwareReadoutDevelopment.wl","61071","81b5ac491f1ba01ec7f481de83376742942935ad2a3bcd5b5bb7203eec17d033"
"experiments/TCCT_S94C_ExpandedRoleAwareReadoutDevelopment_Preflight.ipynb","65756","838951a3f9ffaa6899be510f2f881da42d84779b5533478d6ac66a111833c53e"
"experiments/TCCT_S94C_ExpandedRoleAwareReadoutDevelopment_Preflight.wl","48151","8559585c3a2212f4a24c3a04bbddd936faa80e843a65340251ed75127dccff36"
"experiments/TCCT_S94C_Precommit.json","789","f4b5ed7bc5eed85cd992a97ea8bb563056aabdbe9bfb6bbf710987c499e41005"
"experiments/TCCT_S94D_Precommit.json","689","4088c722a9460756311892aff12977ba16919ef05a354c989abe9beb6e068a90"
"experiments/TCCT_S94D_RepresentationSufficiencyAudit.ipynb","766324","52d8e9a773531946c97bdebd7a4f94659825b80448489ad58a9ed4d101665c14"
"experiments/TCCT_S94D_RepresentationSufficiencyAudit.wl","63462","a7f3de1414ae6af9387f5a3cbb248ec3b792d05c5b75dc750b88c62f0f968d17"
"experiments/TCCT_S94D_RepresentationSufficiencyAudit_Preflight.ipynb","75307","2bc60c69c5e0f35cc21173717842cc8d9bc2854acb474ecba55d5ad473a2c4c0"
"experiments/TCCT_S94D_RepresentationSufficiencyAudit_Preflight.wl","56249","9c9731ad6538f47df6cfa6980100fa563a4d0d05214549dc5f79bfebb2310430"
"experiments/TCCT_S94E_Precommit.json","642","8209e0f358c94132a610802b381c31ac7c23601b9b8c84155c1acd32c2442377"
"experiments/TCCT_S94E_RelationBindingFeasibilityAudit.ipynb","878374","05bfc5f648e05257497ee6b4419f6a4b2d5ff4000974e5066d1a4d89490eb762"
"experiments/TCCT_S94E_RelationBindingFeasibilityAudit.wl","72861","db1a9c6604ab655c1fc6ce4360158745270334007fceb10b63a6753201f0fe28"
"experiments/TCCT_S94E_RelationBindingFeasibilityAudit_Preflight.ipynb","85649","400f031c40523d8c87e0ce22cc01a590387864b23860eb310325df42ed5c579c"
"experiments/TCCT_S94E_RelationBindingFeasibilityAudit_Preflight.wl","64868","1d8481d33bdf1f22c9174bebba9df26591e97da3c04c92e03936cb518fb80ebd"
"experiments/TCCT_S94F_DualChannelInformationAudit.ipynb","639589","7d7021ffdfb1405c050a430928ff25b064fa1e4172a971790e2d558b686e52f3"
"experiments/TCCT_S94F_DualChannelInformationAudit.wl","69174","b201b59a113441ed46277abf2afe262d52b54ebf74bd309116195f375b34eac4"
"experiments/TCCT_S94F_DualChannelInformationAudit_Preflight.ipynb","83347","02f2abc9be4de7bac4fce9c113d734f8e691e5074ab5e37e0a2c97cc4160b023"
"experiments/TCCT_S94F_DualChannelInformationAudit_Preflight.wl","63034","fb321be6fba864ac664d4ac43bcfc077e686c033d407f2a3d4a7915837813685"
"experiments/TCCT_S94F_Precommit.json","573","957645cfe1bb02932a0fbaa334abaee47be28ff9c55955d3a4c07363185fabe8"
"experiments/TCCT_S94G_FullQueryScopeDevelopment.ipynb","947566","cacf249ba5eb74db2bd9c6f0592cea76250b465102029f04b2fcb0a06f93b5b9"
"experiments/TCCT_S94G_FullQueryScopeDevelopment.wl","80429","8e7ae290ff3c63ab39493c8beeb3ea40a368d892a78cdfb244d937f8d527f284"
"experiments/TCCT_S94G_FullQueryScopeDevelopment_Preflight.ipynb","93079","e603ccfa3e9551de67cb512455e31fed171a784546f4d924090d3b7057c9ea4d"
"experiments/TCCT_S94G_FullQueryScopeDevelopment_Preflight.wl","71231","04b68720a0b8daef970a402952502eabd24449ee6704b67938ecf6e16fc1595e"
"experiments/TCCT_S94G_Precommit.json","716","22fc9e1744198495a4f09dcbdd9c955cd7f649ab4381eb1a0ab7d724bc2203ca"
"experiments/TCCT_S94H_CheckpointMerge_R3.wl","90928","36a8ff902c1cff9f08264853a7f370fec75e739c3125ed303160a3b45dc641b6"
"experiments/TCCT_S94H_CheckpointWorker_R3.wl","89880","a054ff1d4079f87367b781f1580629d31ffc7b5096f0c50e6f678cc5099355a9"
"experiments/TCCT_S94H_HarnessRevision1.json","1095","ce0b660086765f4a967dbaed40701e868c64c3cd51bdc8f83de62350a911bdbc"
"experiments/TCCT_S94H_HarnessRevision2.json","1090","b82d2ca1a35d503645554d9c07a77434605e00ff674c95c383268415874532e9"
"experiments/TCCT_S94H_HarnessRevision3.json","998","5235c7f280a02cdf70b763f4aefc8749c79a1774312467640a8e64ab181e495c"
"experiments/TCCT_S94H_HarnessSmoke_R2.wl","84105","97bb2afb472c5fd3883cc8837f574a2826ba9b3fc32c8f772e2b19291c5f27fd"
"experiments/TCCT_S94H_IndependentFullQueryConfirmation.ipynb","114666","5a063da2901d503d81dc9718437d479f362cbfb6f96a828ecdbff9c45f78632d"
"experiments/TCCT_S94H_IndependentFullQueryConfirmation.wl","89174","4305cb9b6383e19505c5ba4bab358f1e65304d7c7c0d9f212a90d3a4edfc70d1"
"experiments/TCCT_S94H_IndependentFullQueryConfirmation_ErrorSnapshot.ipynb","938518","e801017b90011d128c0a85858ac45f60a35adf10df42350e6ff95e0068c17e96"
"experiments/TCCT_S94H_IndependentFullQueryConfirmation_ErrorSnapshot.wl","87894","179278ed537438f890f4b7af32cb160475045122f3d5768246d962915b26d4ec"
"experiments/TCCT_S94H_InspectCheckpoint_R3.wl","1696","8a1f07185b401a5c548ac051e5a87cbde0146a662699301376737a6ac70d4d4e"
"experiments/TCCT_S94H_Precommit.json","825","10913b9435476a694eb8bb4c78c017b121aaf6d4d7c87cba0287da57b3d085a3"
"experiments/TCCT_S94H_R3_DefinitionCompatibilityAudit.json","1079","e026a8189a9d3cfda4c6b3befdb7280d99fc52030e2cdbf4730cd034a3e0825b"
"experiments/TCCT_S94H_R3_DefinitionCompatibilityAudit.wl","86490","79185043f8a838dd9bc539a4772e379bc74c5387f82549f1bc3acb18ff0a2ce2"
"experiments/TCCT_S94H_R3_GUI_InterfaceRecord.json","555","ad8e89fde0f4f1cb37f8f81e20b8b2c3313aa6373c7da6eabc92d1428d64b16e"
"experiments/TCCT_S94H_R3_Resumable_GUI.ipynb","708390","57e9d167fc48a4030afe40b31620ccd738b1b25b707b8828d87189eef3a63a46"
"experiments/TCCT_S94H_R3_Resumable_GUI_Compat.ipynb","3271159","84b8c3a19e0e0184c9742e1697fae6d1ecbc3dee962594ca5d09737f2392626f"
"experiments/TCCT_S94H_Recovery_R1.ipynb","114666","5a063da2901d503d81dc9718437d479f362cbfb6f96a828ecdbff9c45f78632d"
"experiments/TCCT_S94H_Recovery_R2.ipynb","114666","5a063da2901d503d81dc9718437d479f362cbfb6f96a828ecdbff9c45f78632d"
"experiments/TCCT_S95_BuildRecord.json","800","54d675fdbe95565fb7b954af7a8095ce160c27edadbdc6ec8fc8b156da2e34a6"
"experiments/TCCT_S95_Precommit.json","1490","9b2f2a71fd23607f2c523fddf1f57f8204d5696f81782bb16cd27915bc721e03"
"experiments/TCCT_S95_Preflight.wl","79124","9b2bd7455047698dd9981fbcbc0bedd7d7f42eb6aaa8dc520bb3d38ec061d3a5"
"experiments/TCCT_S95_StrictBlind.ipynb","1389430","c6fd00ccee314921f2cb5bf3a2f4e3a32305dcaf6325fece2b5ceeed4166a7e1"
"experiments/TCCT_S95_StrictBlind.wl","87678","222c81d0696425806ff13f3950b18d21922dc4f9dc26745957683ba562b1df42"
"experiments/TCCT_S95_TestDefinitions.wl","6969","065b83626f841c822fa22356b67d33f9f36efc26f0d8b2cecc177d7d7c5dcc12"
"experiments/validate_s91_audit_existing_kernel.py","3956","e1f8ccf559fdfcd974c305d318fe6490f2f0b5191ef275aca8da3e119f4968e5"
"experiments/validate_s92a_existing_kernel.py","5175","39ffeaf405f6556ee8ef378604590ff87dec43ca7fd352b7c5bb4277695b8c22"
"experiments/validate_s92b_existing_kernel.py","7339","48c13a374349a4633614124b4c0dfee9e5346854630aa596d14e9283634a4838"
"experiments/Validate_TCCT_S94H_R3_CompatibilityAudit.wl","664","d6a71e1b635ddfe756b25f408ee01e66adebe444e4f9adc0111fb62ef948371b"
"historical_milestones/TCCT_S75C_SemanticFeasibility_Milestone_2026-08-09/MANIFEST_SHA256.txt","2461","1a9db59a0b8063861712523cf7da4222426dc65172a6b94ae4baa8e8100dce20"
"historical_milestones/TCCT_S75C_SemanticFeasibility_Milestone_2026-08-09/README.md","3393","9ff1df3052f5aff2f2c2f566616c3760766ff8b25efb0f7fbfa124711eeaa324"
"historical_milestones/TCCT_S76_NestedBraidedIn_BlindTransfer_Milestone_2026-08-09/MANIFEST_SHA256.txt","4146","4af7a9cc1be04cc6c4a8fc1f30891823f5fc01f6c307f91871588ce8c641ba9f"
"historical_milestones/TCCT_S76_NestedBraidedIn_BlindTransfer_Milestone_2026-08-09/README.md","2712","fd5e33807e34518c87d3e39b794562e837716bf9748d2bcf875ff49705be7d1a"
"LICENSE","35184","6f1e622c82a380075843bb084a7ec3b1f1d12a4a02526d75e78b0924a860aa75"
"README.md","12923","6d47a298ee211071e6a70fff06cb404e9a52b3b446c1eca7b0f4a22dafafcecd"
"RELEASE_INTEGRITY.json","2330","a2d0cb3229aa0559bb472befc262add0890333fbef78ed8eff8aa65cc98b34f0"
"tools/build_tcct_jupyter.py","4110","31486088de19ca59a312329a9006d624aa77d4cb6bab4f1c4dfd5367934ac900"
"tools/build_tcct_s72_notebook.py","2053","66c062c6d954ecd962c50753e319c1fc776433447f502d2b5c4ce9bfd21913b1"
"tools/build_tcct_s73_notebook.py","2085","624bcfd268318dc91a86196c27b36e4c84165e709e284a498775ce6aebde611d"
"tools/build_tcct_s74_notebook.py","2074","6551ec010737ad0b7725ea6fdc8743f6df5401f21ef9432c4ae04c422c9b3f31"
"tools/build_tcct_s75_notebook.py","1988","d4e5d611da6ba64579d006d0bbdec3876cdc3a6ab17a6c2ae66fe84bbde8b267"
"tools/build_tcct_s75a_notebook.py","2117","074631fd6f18eb8064e406a5c86a86d8c0899d1a3f6d713ea32fe82066357039"
"tools/build_tcct_s75b_notebook.py","2130","fb6f677015d5f52f58ee1880f2f09f4e3042936097076d51b80c182ee495b091"
"tools/build_tcct_s75c_notebook.py","2090","bca50920f45bea76946504c526f36c897ca21f9010edc52f569fbc328e645f9e"
"tools/check_wolfram_brackets.py","3039","f7dff7d598f9cd376908229728bf16362b62937fd747985c635ce62b2e42d4f3"
"tools/recover_wolfram_from_pdf.py","3475","83418bc7c72384772447e80e7f3f296a24d4a827656ef671abd4c7ef63ccd82d"
